player_id,season,role
00ea847a,2011,BAT
00ea847a,2012,BAT
00ea847a,2013,BAT
00ea847a,2014,BAT
00ea847a,2015,BAT
00ea847a,2016,BAT
00ea847a,2017,BAT
00ea847a,2018,BAT
00ea847a,2019,BAT
00ea847a,2020,BAT
00ea847a,2021,BAT
00ea847a,2022,BAT
00ea847a,2023,BAT
00ea847a,2024,BAT
00ea847a,2025,BAT
012829ff,2014,BOWL
012829ff,2016,BOWL
0164b064,2013,BOWL
0184dc35,2008,BAT
0184dc35,2009,BAT
0184dc35,2010,BAT
0184dc35,2011,BAT
0184dc35,2012,BAT
0184dc35,2013,BAT
025c4400,2024,BOWL
0264c10e,2008,BOWL
030f3089,2021,BOWL
030f3089,2023,BOWL
034b4b7d,2008,BOWL
034b4b7d,2009,BOWL
034b4b7d,2010,BOWL
03806cf8,2020,BOWL
03806cf8,2021,BOWL
03806cf8,2022,BOWL
03806cf8,2023,BOWL
03806cf8,2025,BOWL
03a83c50,2024,BOWL
0404d43c,2023,BAT
0494fa6e,2017,WK
0494fa6e,2023,BAT
04a418e8,2019,BOWL
04a418e8,2020,BAT
04a418e8,2021,BAT
04a418e8,2022,BAT
04a418e8,2023,BAT
04a418e8,2024,BAT
04a418e8,2025,AR
05c2ca46,2009,BOWL
05c2ca46,2010,BOWL
05c2ca46,2011,BOWL
05c2ca46,2012,BOWL
05c2ca46,2013,BOWL
0604ef16,2008,BOWL
0604ef16,2009,BAT
063b3673,2011,WK
063b3673,2012,BAT
063b3673,2013,WK
063b3673,2014,BAT
08548b13,2025,AR
0890552f,2022,BAT
0890552f,2023,BAT
0890552f,2024,BAT
0890552f,2025,BAT
0994d0ae,2014,BAT
0994d0ae,2016,BAT
0994d0ae,2017,BAT
0994d0ae,2018,BAT
0994d0ae,2019,BAT
0994d0ae,2020,AR
0994d0ae,2021,BOWL
0994d0ae,2022,BAT
0994d0ae,2023,BAT
0994d0ae,2024,BAT
0994d0ae,2025,BAT
0a3d54b9,2011,BOWL
0a3d54b9,2012,BOWL
0a3d54b9,2014,BOWL
0a3d54b9,2015,BOWL
0a3d54b9,2016,BOWL
0a3d54b9,2017,BOWL
0a3d54b9,2019,BOWL
0a3d54b9,2020,BOWL
0a3d54b9,2022,BOWL
0a476045,2008,BAT
0a476045,2009,BAT
0a476045,2010,BAT
0a476045,2011,BAT
0a476045,2012,BAT
0a476045,2013,BAT
0a476045,2014,BAT
0a476045,2015,BAT
0a476045,2016,BAT
0a476045,2017,BAT
0a476045,2018,BAT
0a476045,2019,BAT
0a476045,2020,BAT
0a476045,2021,BAT
0a476045,2022,BAT
0a476045,2023,BAT
0a476045,2024,BAT
0a4ebc61,2009,BOWL
0a509d6b,2018,BAT
0a509d6b,2019,BAT
0a509d6b,2020,BAT
0a509d6b,2022,BAT
0a509d6b,2023,BAT
0a509d6b,2024,BAT
0a509d6b,2025,BAT
0a67aec0,2022,BOWL
0a67aec0,2023,BOWL
0a67aec0,2024,BOWL
0a67aec0,2025,BOWL
0a8fce53,2016,BOWL
0a8fce53,2017,BOWL
0a8fce53,2018,BOWL
0a8fce53,2021,BOWL
0a8fce53,2022,BOWL
0a8fce53,2023,BOWL
0a8fce53,2024,BOWL
0a8fce53,2025,BOWL
0aadc906,2008,BAT
0aadc906,2009,WK
0aadc906,2011,WK
0af3426f,2011,BAT
0b60eb09,2024,BOWL
0bacade8,2023,BAT
0bacade8,2024,BAT
0bacade8,2025,BAT
0bf15e52,2013,BOWL
0c2730df,2008,BOWL
0c2730df,2009,BOWL
0c2730df,2010,BOWL
0c432afb,2011,BOWL
0c432afb,2012,BOWL
0c94f480,2011,BAT
0c94f480,2012,BAT
0c94f480,2013,BAT
0c94f480,2014,BAT
0c94f480,2015,BAT
0c94f480,2016,BAT
0c9652b0,2022,BOWL
0c9652b0,2023,BOWL
0dc00542,2008,BOWL
0ebfb1ad,2018,BAT
0ebfb1ad,2019,BAT
0ebfb1ad,2021,BAT
0ebfb1ad,2022,BAT
0ed0cdbf,2008,BAT
0edcb652,2023,BAT
0f12f9df,2010,BAT
0f12f9df,2011,BOWL
0f12f9df,2012,BAT
0f12f9df,2013,BOWL
0f12f9df,2015,BOWL
0f12f9df,2016,BOWL
0f721006,2013,BOWL
0f721006,2014,BOWL
0f721006,2016,BOWL
0f721006,2020,BOWL
0f721006,2021,BOWL
0f721006,2022,BOWL
0f721006,2023,BOWL
0fa5042b,2009,BAT
107c26fb,2024,BOWL
107c26fb,2025,BOWL
10a91f35,2008,BOWL
11614d87,2022,BOWL
11614d87,2023,BOWL
119678fd,2009,BAT
119678fd,2013,BOWL
119678fd,2014,BOWL
119678fd,2015,BOWL
119678fd,2016,BOWL
119678fd,2017,BOWL
119678fd,2018,BAT
119678fd,2019,BOWL
119678fd,2020,BOWL
119678fd,2023,BOWL
119678fd,2024,BOWL
119678fd,2025,BOWL
11df3dc8,2010,BAT
11df3dc8,2011,BAT
12314277,2023,BOWL
12314277,2024,BOWL
12314277,2025,BOWL
12b610c2,2016,BAT
12b610c2,2017,AR
12b610c2,2024,BAT
12b610c2,2025,BAT
12eddf28,2009,BOWL
12eddf28,2010,BOWL
12eddf28,2011,BOWL
12eddf28,2012,BOWL
12eddf28,2013,BOWL
1399b39c,2019,BAT
1399b39c,2021,BAT
1399b39c,2022,BAT
1399b39c,2023,BAT
1399b39c,2024,BAT
13c35c9e,2011,BOWL
13c35c9e,2014,BOWL
13c35c9e,2015,BOWL
13c35c9e,2016,BOWL
13c35c9e,2017,BOWL
13c35c9e,2018,BOWL
13c35c9e,2019,BOWL
13c35c9e,2021,BOWL
13c35c9e,2022,BOWL
13c35c9e,2023,BOWL
13fc5c6d,2025,BOWL
14b14cd8,2017,BAT
14f96089,2016,BOWL
14f96089,2017,BOWL
14f96089,2020,BOWL
14f96089,2023,BOWL
14f96089,2025,BOWL
1558d83b,2015,BOWL
16043342,2009,BOWL
16043342,2010,BOWL
16043342,2011,BOWL
16043342,2012,BOWL
16043342,2013,BOWL
1647bd37,2014,BOWL
1647bd37,2015,BOWL
16605a1b,2011,BOWL
16dfcc19,2008,BOWL
172dff15,2025,BOWL
1763bc6c,2013,BAT
18c78b11,2012,BAT
18e6906e,2017,BOWL
19b9f399,2020,BAT
1a0c3177,2012,BOWL
1a0c3177,2013,BOWL
1a0c3177,2014,BOWL
1a156c88,2018,BAT
1a2676c5,2015,BOWL
1a2676c5,2022,BOWL
1abb78f8,2015,BOWL
1abb78f8,2017,BOWL
1abb78f8,2018,BOWL
1abb78f8,2019,BOWL
1abb78f8,2020,BOWL
1abb78f8,2021,BOWL
1abb78f8,2022,BOWL
1abb78f8,2023,BOWL
1abb78f8,2024,BOWL
1abb78f8,2025,BOWL
1ac746c8,2023,BAT
1ac746c8,2024,BAT
1ac746c8,2025,BAT
1b7b0fa7,2023,AR
1be70c88,2008,BAT
1c17e270,2008,BAT
1c17e270,2009,WK
1c17e270,2010,WK
1c17e270,2011,WK
1c17e270,2012,WK
1c17e270,2013,BAT
1c17e270,2014,WK
1c17e270,2015,WK
1c17e270,2016,WK
1c17e270,2017,WK
1c17e270,2018,BAT
1c17e270,2019,BAT
1c17e270,2020,BAT
1c17e270,2021,BAT
1c17e270,2022,BAT
1c2a64cd,2012,BOWL
1c2a64cd,2013,BAT
1c2a64cd,2015,BAT
1c2a64cd,2016,BAT
1c914163,2008,BAT
1c914163,2009,AR
1c914163,2010,AR
1c914163,2011,AR
1c914163,2013,AR
1c914163,2014,AR
1c914163,2015,BAT
1c914163,2016,BAT
1c914163,2017,BAT
1c914163,2018,BAT
1c914163,2019,BAT
1cb14aa4,2018,BOWL
1da489ff,2016,BOWL
1da489ff,2017,BOWL
1dc12ab9,2008,BAT
1dc12ab9,2009,AR
1dc12ab9,2010,AR
1dc12ab9,2011,AR
1dc12ab9,2012,BAT
1dc12ab9,2013,BAT
1dc12ab9,2014,AR
1dc12ab9,2015,BAT
1dc12ab9,2016,BAT
1dc12ab9,2017,BAT
1dc12ab9,2018,BAT
1dc12ab9,2019,BAT
1dc12ab9,2021,BAT
1e030637,2025,BOWL
1e66c162,2010,BOWL
1e66c162,2011,BOWL
1e66c162,2012,BOWL
1e66c162,2013,BOWL
1e66c162,2014,BOWL
1e66c162,2015,BOWL
1e66c162,2016,BOWL
1e66c162,2017,BOWL
1e66c162,2018,BOWL
1e66c162,2019,BOWL
1e66c162,2020,BOWL
1e66c162,2021,BOWL
1e66c162,2022,BOWL
1e66c162,2023,BOWL
1e66c162,2024,BOWL
1e66c162,2025,BOWL
1ee08e9a,2021,BOWL
1ee08e9a,2024,BOWL
1efb8a28,2011,BAT
1efb8a28,2012,BAT
1fc6ef83,2024,BAT
2049f3a0,2010,BOWL
2049f3a0,2011,BOWL
20a941bb,2008,BOWL
21ac077a,2009,BOWL
21d4e29b,2019,BOWL
21d4e29b,2020,BOWL
21d4e29b,2021,BOWL
21d4e29b,2022,BOWL
21d4e29b,2023,BOWL
235c2bb6,2018,WK
235c2bb6,2019,BAT
235c2bb6,2023,WK
235c2bb6,2024,WK
235c2bb6,2025,BAT
23ac69e6,2009,BAT
23cca426,2022,BOWL
23eeb873,2016,BOWL
23eeb873,2017,BOWL
23eeb873,2018,BOWL
23eeb873,2019,BOWL
23eeb873,2020,BOWL
23eeb873,2021,BOWL
23eeb873,2023,BOWL
23eeb873,2024,BOWL
23eeb873,2025,BOWL
244048f6,2019,BOWL
244048f6,2020,BOWL
244048f6,2021,BOWL
244048f6,2022,BOWL
244048f6,2023,BOWL
244048f6,2024,BOWL
244048f6,2025,BOWL
245c97cb,2017,BOWL
245c97cb,2022,BOWL
2461eef2,2012,BAT
2461eef2,2013,BAT
2.50E+166,2008,BOWL
2.50E+166,2011,BOWL
249abedf,2021,BOWL
249d60c9,2021,BOWL
249d60c9,2023,BOWL
24d94623,2012,BOWL
24d94623,2013,BOWL
24d94623,2014,BOWL
24d94623,2015,BOWL
24d94623,2016,BOWL
24d94623,2017,AR
24d94623,2018,BAT
2503e881,2008,BOWL
25228673,2025,BOWL
25eeb281,2009,BAT
25eeb281,2011,AR
25eeb281,2012,BAT
25eeb281,2013,BAT
25f7b7d6,2020,BAT
260fd380,2009,BOWL
260fd380,2011,BOWL
266849c1,2023,BOWL
26989d80,2022,BAT
26989d80,2024,BAT
26989d80,2025,BAT
26a85969,2013,BOWL
26a85969,2014,BOWL
26a85969,2015,BOWL
26a85969,2016,BOWL
26a85969,2017,BAT
26a85969,2022,BOWL
26a85969,2023,BAT
26a85969,2024,BOWL
26d041c4,2023,AR
26d041c4,2024,AR
26d76ad9,2021,BAT
26e5cabf,2008,BAT
26e5cabf,2009,BAT
26e5cabf,2010,BAT
26e5cabf,2011,BAT
26e5cabf,2012,BAT
26e5cabf,2013,BAT
26e5cabf,2014,BAT
26e5cabf,2015,BAT
26e5cabf,2017,BAT
26e5cabf,2018,BAT
26ff4c29,2012,BAT
271f83cd,2012,BAT
271f83cd,2014,BAT
271f83cd,2015,BAT
271f83cd,2016,BAT
271f83cd,2017,BAT
271f83cd,2018,BAT
271f83cd,2019,BAT
271f83cd,2020,BAT
271f83cd,2021,BAT
271f83cd,2022,BAT
271f83cd,2023,BAT
271f83cd,2024,BAT
271f83cd,2025,BAT
2728e7e9,2010,BAT
2728e7e9,2012,BAT
2728e7e9,2013,BAT
272d796e,2014,BAT
27af6414,2013,BAT
27e71d47,2012,BOWL
27e71d47,2013,BOWL
2815fe50,2010,BAT
2815fe50,2011,BAT
2815fe50,2012,BAT
287686fd,2010,BOWL
287686fd,2013,BAT
28c78fb3,2010,BAT
28c78fb3,2011,BAT
28c78fb3,2012,BAT
28c78fb3,2023,BAT
28c78fb3,2024,BAT
297b26da,2009,BAT
29d72eb2,2011,BOWL
29d72eb2,2012,BOWL
29d72eb2,2013,BOWL
29e95537,2009,BAT
29e95537,2011,BAT
29e95537,2012,BAT
29e95537,2013,BAT
29e95537,2014,BAT
29e95537,2015,BAT
29e95537,2016,BAT
29e95537,2017,BAT
29e95537,2018,BAT
29e95537,2019,BAT
29e95537,2020,BAT
29e95537,2021,BAT
29e95537,2022,BAT
29e95537,2023,BAT
29e95537,2024,BAT
29e95537,2025,BAT
2a2e6343,2011,BOWL
2a2e6343,2012,AR
2a2e6343,2013,BOWL
2a2e6343,2017,BOWL
2a2e6343,2018,BOWL
2a2e6343,2021,BOWL
2a72fd4f,2009,BOWL
2a72fd4f,2010,BOWL
2a72fd4f,2011,BOWL
2a72fd4f,2012,BOWL
2a72fd4f,2013,BOWL
2af1b6d2,2010,BOWL
2af1b6d2,2011,BOWL
2af1b6d2,2012,BOWL
2af1b6d2,2013,BOWL
2af1b6d2,2014,BOWL
2af1b6d2,2015,BOWL
2b6e6dec,2008,WK
2b6e6dec,2009,WK
2b6e6dec,2010,WK
2b6e6dec,2011,WK
2b6e6dec,2012,BAT
2b6e6dec,2013,BAT
2bb09eb2,2009,BAT
2be41edb,2016,BAT
2be41edb,2017,BAT
2be41edb,2019,BAT
2c25d4f5,2020,BAT
2c25d4f5,2021,BAT
2c25d4f5,2022,BAT
2c25d4f5,2023,BAT
2c25d4f5,2024,BAT
2c25d4f5,2025,BAT
2c76b512,2015,BOWL
2cdce1be,2021,BOWL
2cdce1be,2022,BOWL
2cdce1be,2023,BOWL
2cdce1be,2025,BOWL
2cffab74,2023,BOWL
2cffab74,2024,BOWL
2cffab74,2025,BOWL
2d140b79,2024,BAT
2e11c706,2014,BOWL
2e11c706,2016,BOWL
2e11c706,2017,BOWL
2e11c706,2018,BOWL
2e11c706,2019,BAT
2e171977,2013,BAT
2e171977,2014,BOWL
2e171977,2015,BOWL
2e171977,2016,BOWL
2e171977,2017,BOWL
2e171977,2018,BOWL
2e171977,2019,BOWL
2e171977,2020,BOWL
2e171977,2021,BOWL
2e171977,2022,BOWL
2e171977,2023,BOWL
2e171977,2024,BOWL
2e171977,2025,AR
2e78f685,2022,BOWL
2e78f685,2023,BAT
2e78f685,2024,BOWL
2e81a32d,2011,BOWL
2e81a32d,2012,BOWL
2e81a32d,2013,BOWL
2e81a32d,2014,BOWL
2e81a32d,2015,BOWL
2e81a32d,2016,BOWL
2e81a32d,2017,BOWL
2e81a32d,2018,BOWL
2e81a32d,2019,BOWL
2e81a32d,2020,BOWL
2e81a32d,2021,BOWL
2e81a32d,2022,BOWL
2e81a32d,2023,BOWL
2e81a32d,2024,BOWL
2e81a32d,2025,BOWL
2e8994e7,2009,AR
2e8994e7,2010,BAT
2e8994e7,2011,AR
2e8994e7,2012,AR
2e8994e7,2014,AR
2e8994e7,2015,AR
2e8994e7,2016,BAT
2e8994e7,2018,BAT
2e9fdf9b,2012,BOWL
2ed569a0,2017,BOWL
2ed569a0,2018,BAT
2ed569a0,2019,BOWL
2ed569a0,2020,BOWL
2ed569a0,2021,BOWL
2ed569a0,2022,BOWL
2ed569a0,2023,BOWL
2ed569a0,2024,BOWL
2ed569a0,2025,BAT
2eeb4370,2010,BAT
2f3817ce,2012,BOWL
2f49c897,2017,BOWL
2f49c897,2018,BOWL
2f49c897,2019,BOWL
2f49c897,2020,BOWL
2f49c897,2021,BOWL
2f49c897,2022,BOWL
2f49c897,2023,BOWL
2f49c897,2024,BOWL
2f49c897,2025,BOWL
2f9d0389,2017,BOWL
2f9d0389,2019,BOWL
2f9d0389,2020,BOWL
2f9d0389,2021,BOWL
2f9d0389,2022,BOWL
2f9d0389,2023,BOWL
2f9d0389,2024,BOWL
2f9d0389,2025,BOWL
30a2649b,2013,BAT
30a2649b,2014,WK
30a2649b,2015,WK
30a45b23,2012,BAT
30a45b23,2013,BAT
30a45b23,2014,BAT
30a45b23,2015,BAT
30a45b23,2016,BAT
30a45b23,2017,BAT
30a45b23,2019,BAT
30a45b23,2020,BAT
30a45b23,2021,BAT
30df8c66,2022,BOWL
30df8c66,2024,BOWL
30df8c66,2025,BOWL
30e37810,2011,BAT
3204c99f,2024,BOWL
3204c99f,2025,BOWL
32198ae0,2009,BOWL
32198ae0,2010,BOWL
32198ae0,2013,AR
32198ae0,2014,BOWL
32198ae0,2015,AR
32198ae0,2016,BOWL
32198ae0,2017,AR
32198ae0,2019,BAT
32198ae0,2021,BAT
3241e3fd,2019,BAT
3241e3fd,2020,BAT
3241e3fd,2021,BAT
3241e3fd,2022,WK
3241e3fd,2023,WK
3241e3fd,2024,BAT
3241e3fd,2025,BAT
327b58d3,2022,BOWL
327b58d3,2024,BOWL
327b58d3,2025,BOWL
331ea488,2016,BAT
3355b542,2011,BAT
3355b542,2012,BAT
3355b542,2014,BAT
3355b542,2015,BAT
3355b542,2016,BAT
3355b542,2017,BAT
3355b542,2018,BAT
3355b542,2019,BAT
3355b542,2020,BAT
3355b542,2021,BAT
3355b542,2022,BAT
3355b542,2023,BAT
3355b542,2024,BAT
3355b542,2025,BAT
33a364a6,2008,BOWL
33a364a6,2009,BOWL
33a364a6,2010,BOWL
33a364a6,2011,BOWL
33a364a6,2012,BOWL
33a364a6,2013,BOWL
33a364a6,2014,BOWL
33a364a6,2015,BOWL
33a364a6,2016,BOWL
33a364a6,2017,BOWL
33cb3411,2008,BAT
33ffc3dd,2022,BOWL
342d8ade,2008,BOWL
342d8ade,2010,BOWL
350bb1b1,2016,BOWL
350bb1b1,2017,BOWL
350bb1b1,2021,BOWL
350bb1b1,2022,BOWL
35205dfc,2008,BOWL
35205dfc,2009,AR
35205dfc,2010,BAT
35205dfc,2012,BOWL
35205dfc,2013,BAT
35205dfc,2014,BAT
35205dfc,2015,BAT
35205dfc,2016,AR
35205dfc,2017,AR
3576e47e,2008,BAT
3576e47e,2009,BAT
3576e47e,2010,BAT
3576e47e,2011,BAT
3576e47e,2012,BAT
3576e47e,2013,BAT
35f173a0,2025,BAT
36619795,2025,BOWL
36d33dd0,2008,BAT
372455c4,2013,WK
372455c4,2014,BAT
372455c4,2015,BAT
372455c4,2016,WK
372455c4,2018,WK
372455c4,2019,WK
372455c4,2020,WK
372455c4,2021,WK
372455c4,2022,WK
372455c4,2023,WK
372455c4,2024,BAT
372455c4,2025,BAT
378daa89,2022,BAT
378daa89,2023,BAT
38f2c66c,2008,BOWL
39086549,2020,BAT
39a2dfa8,2014,BOWL
39a2dfa8,2015,BOWL
39a2dfa8,2017,BOWL
39a2dfa8,2018,BOWL
39a2dfa8,2019,BAT
39a2dfa8,2020,BOWL
39a2dfa8,2021,BOWL
39a2dfa8,2022,BAT
39a2dfa8,2023,BAT
39a2dfa8,2024,BAT
39a2dfa8,2025,BAT
39ed0d2f,2022,BAT
39ed0d2f,2023,BAT
39f01cdb,2009,AR
39f01cdb,2010,AR
39f01cdb,2012,AR
39f01cdb,2014,BAT
39f01cdb,2016,BAT
39f82db3,2012,BAT
3a02626a,2010,BAT
3a02626a,2011,BAT
3a60e0b5,2011,BOWL
3a60e0b5,2012,BOWL
3a60e0b5,2013,BOWL
3a60e0b5,2014,BOWL
3a60e0b5,2023,BOWL
3ae3f034,2011,BAT
3ae3f034,2012,BAT
3b53243a,2025,BOWL
3c28853f,2025,BAT
3c55c703,2025,BAT
3c6ffae8,2008,AR
3c6ffae8,2009,AR
3c6ffae8,2010,AR
3c6ffae8,2011,AR
3c6ffae8,2012,BAT
3c6ffae8,2013,BAT
3c6ffae8,2014,BAT
3c6ffae8,2015,BAT
3c6ffae8,2016,BAT
3c6ffae8,2017,BAT
3c6ffae8,2018,BAT
3c6ffae8,2019,BAT
3d284ca3,2023,BAT
3d284ca3,2024,BAT
3d284ca3,2025,BAT
3d7e087f,2008,BOWL
3d7e087f,2009,BOWL
3d7e087f,2010,BOWL
3d7e087f,2011,BOWL
3d7e087f,2012,BOWL
3d7e087f,2013,BOWL
3d8feaf8,2010,BOWL
3d8feaf8,2011,BOWL
3d8feaf8,2013,BOWL
3d8feaf8,2016,BOWL
3d8feaf8,2020,BAT
3d8feaf8,2022,AR
3d8feaf8,2023,BOWL
3d8feaf8,2024,BOWL
3d8feaf8,2025,BAT
3dba85c2,2008,BAT
3dba85c2,2009,BAT
3eac9d95,2009,BAT
3eac9d95,2011,BOWL
3eac9d95,2013,BOWL
3edb58fc,2008,BOWL
3edb58fc,2009,BOWL
3edb58fc,2010,BOWL
3edb58fc,2012,BOWL
3edb58fc,2013,BOWL
3fb19989,2014,BOWL
3fb19989,2015,BOWL
3fb19989,2024,BOWL
3fb19989,2025,BOWL
3fca55af,2009,BAT
3fca55af,2010,BAT
3fca55af,2011,BAT
3ff033bb,2023,BAT
402f8494,2024,BOWL
402f8494,2025,BOWL
40caa465,2008,BAT
40caa465,2009,BAT
4125d931,2015,BOWL
4125d931,2016,BOWL
4125d931,2017,BAT
4125d931,2019,BOWL
4125d931,2020,BAT
4125d931,2021,BOWL
4125d931,2022,BOWL
4180d897,2011,BOWL
41eb4a4f,2008,BOWL
41eb4a4f,2009,BOWL
41eb4a4f,2010,BOWL
41eb4a4f,2011,BOWL
41eb4a4f,2012,BOWL
41eb4a4f,2013,BOWL
41eb4a4f,2014,BOWL
41eb4a4f,2015,BOWL
41eb4a4f,2016,BOWL
41eb4a4f,2017,BOWL
41eb4a4f,2018,BAT
4329fbb5,2008,AR
4329fbb5,2010,AR
4329fbb5,2011,AR
4329fbb5,2012,AR
4329fbb5,2013,AR
4329fbb5,2014,AR
4329fbb5,2015,AR
4329fbb5,2016,BOWL
4329fbb5,2017,BOWL
4329fbb5,2018,AR
4329fbb5,2019,BAT
4329fbb5,2020,BAT
4353bba5,2009,BOWL
4353bba5,2010,BOWL
441c72ae,2019,BOWL
44a89551,2021,WK
44a89551,2022,BAT
44a89551,2023,BAT
44aac2f0,2023,BOWL
44aac2f0,2024,BOWL
44afbf2d,2014,BAT
44afbf2d,2015,BAT
45a43fe2,2020,BAT
45a43fe2,2021,BAT
45a43fe2,2022,BAT
45a43fe2,2023,BAT
45a43fe2,2024,BAT
45a43fe2,2025,BAT
45c2196c,2010,BOWL
45c2196c,2011,BOWL
45c2196c,2012,BOWL
45eda7c8,2012,BAT
45eda7c8,2014,BAT
45eda7c8,2016,BAT
45eda7c8,2017,BAT
45eda7c8,2018,BAT
45eda7c8,2019,BAT
45eda7c8,2021,BAT
462411b3,2013,BOWL
462411b3,2014,BOWL
462411b3,2015,BOWL
462411b3,2016,BOWL
462411b3,2017,BOWL
462411b3,2018,BOWL
462411b3,2019,BOWL
462411b3,2020,BOWL
462411b3,2021,BOWL
462411b3,2022,BOWL
462411b3,2024,BOWL
462411b3,2025,BOWL
465aa633,2024,BOWL
4663bd23,2021,BAT
4663bd23,2022,BAT
469ea22b,2011,BOWL
469ea22b,2012,BOWL
46a9bea1,2020,BOWL
46a9bea1,2022,BOWL
46a9bea1,2023,BOWL
46a9bea1,2024,BOWL
46a9bea1,2025,BOWL
470f446b,2025,BAT
4885bbe6,2023,BOWL
4885bbe6,2024,BOWL
4885bbe6,2025,BOWL
48a1d7b7,2019,BAT
48a1d7b7,2020,BAT
48a1d7b7,2021,BAT
48a1d7b7,2022,BAT
48a1d7b7,2023,BAT
48a1d7b7,2024,BAT
48a1d7b7,2025,BAT
48fd7349,2010,BAT
48fd7349,2011,BAT
48fd7349,2012,BAT
48fd7349,2013,BAT
48fd7349,2014,BAT
48fd7349,2015,BAT
4933f499,2019,BOWL
4933f499,2023,BOWL
495d42a5,2009,BOWL
495d42a5,2010,BOWL
495d42a5,2011,BOWL
495d42a5,2012,BOWL
495d42a5,2013,BOWL
495d42a5,2014,BOWL
495d42a5,2015,BOWL
495d42a5,2016,BOWL
495d42a5,2018,BOWL
495d42a5,2019,BOWL
495d42a5,2020,BOWL
495d42a5,2021,BOWL
495d42a5,2022,BOWL
495d42a5,2023,BOWL
495d42a5,2024,BOWL
495d42a5,2025,BOWL
4a8a2e3b,2008,BAT
4a8a2e3b,2009,WK
4a8a2e3b,2010,WK
4a8a2e3b,2011,WK
4a8a2e3b,2012,WK
4a8a2e3b,2013,WK
4a8a2e3b,2014,WK
4a8a2e3b,2015,WK
4a8a2e3b,2016,WK
4a8a2e3b,2017,WK
4a8a2e3b,2018,WK
4a8a2e3b,2019,WK
4a8a2e3b,2020,WK
4a8a2e3b,2021,BAT
4a8a2e3b,2022,BAT
4a8a2e3b,2023,WK
4a8a2e3b,2024,BAT
4a8a2e3b,2025,WK
4ae1755b,2023,BAT
4b31f3a3,2023,BOWL
4b31f3a3,2024,BOWL
4b31f3a3,2025,BOWL
4b4d1957,2008,BOWL
4b57e452,2009,BAT
4b57e452,2010,BAT
4b57e452,2011,BAT
4b57e452,2012,BAT
4b57e452,2013,BAT
4b57e452,2014,BAT
4b57e452,2015,BAT
4b57e452,2016,BAT
4b57e452,2018,BAT
4b57e452,2019,BAT
4b57e452,2020,BAT
4ba44e19,2008,BOWL
4ba44e19,2009,BOWL
4ba44e19,2010,BOWL
4ba44e19,2011,BOWL
4ba44e19,2012,BOWL
4ba44e19,2013,BOWL
4ba44e19,2014,BOWL
4bd09374,2023,BOWL
4bd09374,2024,BOWL
4bd09374,2025,BOWL
4c4fa80b,2013,BOWL
4c5d73db,2017,BOWL
4c5d73db,2018,BOWL
4c5d73db,2021,BOWL
4d5a1617,2009,BAT
4d6d6280,2008,BAT
4d7f517e,2023,BOWL
4e04666c,2008,WK
4e04666c,2009,WK
4e04666c,2014,WK
4ec07775,2011,BAT
4ec07775,2012,BAT
4ec07775,2013,BAT
4ec07775,2014,BAT
4ec07775,2015,BAT
4f629497,2010,BOWL
5056011d,2009,BAT
5056011d,2010,BAT
5056011d,2014,BAT
5056011d,2015,BAT
5056011d,2016,BAT
50758325,2008,BOWL
508a1ea7,2008,BAT
508a1ea7,2010,BAT
508a1ea7,2011,BAT
508a1ea7,2012,BAT
508a1ea7,2013,BAT
508a1ea7,2014,BAT
508a1ea7,2015,BAT
508a1ea7,2016,BAT
508a1ea7,2017,BAT
50c09020,2025,BAT
50c6bc2b,2019,BAT
50c6bc2b,2021,BAT
50c6bc2b,2022,AR
50c6bc2b,2023,BAT
50c6bc2b,2024,BOWL
50c6bc2b,2025,BAT
51a3c5ef,2015,BOWL
51a3c5ef,2016,BOWL
51a3c5ef,2017,BOWL
51a3c5ef,2018,BOWL
51a3c5ef,2019,BOWL
51ec3919,2025,BAT
52294a79,2023,BOWL
52294a79,2024,BOWL
529eb9e0,2022,BOWL
529eb9e0,2023,BAT
531f0278,2014,BOWL
53f27a35,2012,BAT
53f27a35,2013,BAT
541f85c9,2008,WK
541f85c9,2009,BAT
541f85c9,2010,BAT
541f85c9,2011,WK
541f85c9,2012,WK
541f85c9,2018,BAT
541f85c9,2020,BAT
5451a2c1,2008,BAT
5451a2c1,2011,BAT
5451a2c1,2012,BAT
5451a2c1,2013,BAT
54e52590,2023,BOWL
54e52590,2024,BOWL
54e52590,2025,BOWL
557153ca,2012,BOWL
557153ca,2013,BOWL
557153ca,2014,BOWL
5574750c,2018,BOWL
5574750c,2019,BOWL
5574750c,2020,BOWL
5574750c,2023,BOWL
5574750c,2025,BOWL
5673a3fc,2011,BOWL
56ab442f,2013,BOWL
56ab442f,2014,BOWL
56ab442f,2015,BOWL
56ab442f,2016,BOWL
56ab442f,2017,BOWL
56ab442f,2020,BOWL
56ab442f,2021,BOWL
56ab442f,2022,BOWL
5708d0b6,2014,BAT
5724e517,2024,BAT
5748e866,2011,BAT
5750bcb4,2025,BOWL
57ca01b3,2024,BAT
57ee1fde,2013,BOWL
57ee1fde,2014,BOWL
57ee1fde,2015,BOWL
57ee1fde,2016,BOWL
57ee1fde,2017,BOWL
57ee1fde,2018,BOWL
57ee1fde,2019,BOWL
57ee1fde,2020,BOWL
57ee1fde,2021,BOWL
57ee1fde,2022,BOWL
57ee1fde,2023,BOWL
57ee1fde,2024,BOWL
57ee1fde,2025,BOWL
57efa3be,2008,AR
57efa3be,2009,BOWL
57efa3be,2011,BAT
59559bc2,2025,BOWL
5afd4539,2010,BAT
5afd4539,2011,WK
5afd4539,2012,WK
5afd4539,2013,WK
5afd4539,2014,BAT
5afd4539,2015,BAT
5b040b81,2009,BOWL
5b040b81,2011,BOWL
5b040b81,2012,BOWL
5b16a806,2018,BOWL
5b627626,2015,BAT
5b7ab5a9,2019,BOWL
5b7ab5a9,2020,BOWL
5b7ab5a9,2021,BOWL
5b7ab5a9,2022,BOWL
5b7ab5a9,2023,BOWL
5b7ab5a9,2024,BOWL
5b7ab5a9,2025,BOWL
5b8c830e,2016,BOWL
5b8c830e,2017,BOWL
5b8c830e,2018,BOWL
5b8c830e,2019,BOWL
5b8c830e,2020,BOWL
5b8c830e,2021,BOWL
5b8c830e,2022,BOWL
5b8c830e,2023,BOWL
5b8c830e,2024,BOWL
5b8c830e,2025,BOWL
5bb1a1c4,2008,BOWL
5bb1a1c4,2009,BOWL
5bb1a1c4,2010,BOWL
5bb1a1c4,2011,BOWL
5bb1a1c4,2013,BOWL
5bb1a1c4,2014,BOWL
5bb1a1c4,2015,BOWL
5bb1a1c4,2016,BOWL
5bb1a1c4,2017,BOWL
5bb1a1c4,2019,BOWL
5bb1a1c4,2020,BOWL
5bb1a1c4,2021,BOWL
5bb1a1c4,2023,BOWL
5bb1a1c4,2024,BOWL
5bb1a1c4,2025,BOWL
5bb5a915,2009,BOWL
5bb5a915,2010,BOWL
5bb5a915,2011,BOWL
5bb5a915,2012,BOWL
5bb5a915,2013,BOWL
5bb5a915,2014,BOWL
5bb5a915,2015,BOWL
5bb5a915,2016,BOWL
5bdcdb72,2008,BAT
5bdcdb72,2009,AR
5bdcdb72,2010,BAT
5bdcdb72,2011,AR
5bdcdb72,2012,BAT
5bdcdb72,2013,BAT
5d096f3d,2008,BOWL
5d096f3d,2009,BOWL
5d096f3d,2010,BOWL
5d096f3d,2011,BOWL
5d096f3d,2012,BOWL
5d1e7582,2025,BAT
5d2eea49,2020,BOWL
5d2eea49,2021,BOWL
5d2eea49,2022,BOWL
5d2eea49,2023,BOWL
5d2eea49,2024,BOWL
5d9a1a73,2010,BOWL
5d9a1a73,2011,BOWL
5d9a1a73,2012,BOWL
5d9a1a73,2013,BOWL
5d9a1a73,2014,BOWL
5f26df4f,2009,BOWL
5f26df4f,2010,BOWL
5f26df4f,2011,BOWL
5f26df4f,2013,BOWL
5f26df4f,2014,BOWL
5f4e9e8f,2008,BOWL
5f4e9e8f,2009,BAT
5f547c8b,2017,BOWL
5f547c8b,2018,BOWL
5f547c8b,2019,BOWL
5f547c8b,2020,BOWL
5f547c8b,2021,BOWL
5f547c8b,2022,BOWL
5f547c8b,2023,BOWL
5f547c8b,2024,BOWL
5f547c8b,2025,BOWL
5f5d3ad4,2009,BAT
5fa06777,2008,BOWL
5fa06777,2009,BOWL
5fa06777,2010,AR
5fa06777,2011,BOWL
5fa06777,2012,BOWL
5fa06777,2013,BOWL
5fa06777,2014,BOWL
5fa06777,2016,BOWL
5fa06777,2017,BOWL
5ffc0565,2025,BOWL
6042bf26,2011,BOWL
60500956,2021,BAT
60500956,2022,BAT
60500956,2023,BAT
605b7efa,2013,BAT
611926bc,2009,BOWL
6165bca6,2008,BAT
6165bca6,2011,BAT
6165bca6,2013,BAT
619aa81f,2008,BAT
619aa81f,2009,BAT
62175638,2025,BAT
622cc511,2008,BAT
626c5379,2010,BAT
626c5379,2011,BAT
626c5379,2013,BAT
626c5379,2016,BAT
62af8546,2017,BOWL
62af8546,2018,BOWL
62af8546,2019,BOWL
62af8546,2020,BOWL
62af8546,2021,BOWL
62af8546,2024,BOWL
62e07f92,2011,WK
63bff7f9,2009,BOWL
641ac5ff,2018,BOWL
641ac5ff,2019,BOWL
64775749,2021,BOWL
64775749,2022,BOWL
64775749,2023,BOWL
64839cb3,2022,BOWL
64839cb3,2023,BOWL
64839cb3,2024,BOWL
64839cb3,2025,BOWL
64a4c383,2010,BOWL
64a4c383,2011,BAT
64c34cd0,2008,BAT
64d43928,2008,BOWL
650d5e49,2017,BAT
650d5e49,2022,BAT
650d5e49,2023,BAT
650d5e49,2024,BAT
650d5e49,2025,BAT
6581d753,2010,BAT
65b6943c,2024,BOWL
662c47a6,2009,BOWL
662c47a6,2010,BAT
662c47a6,2011,BAT
662c47a6,2012,BAT
663b5e34,2022,BAT
663b5e34,2023,BAT
66b30f71,2008,BOWL
66b30f71,2009,BOWL
66b30f71,2010,BOWL
66b30f71,2011,BOWL
66b30f71,2012,BOWL
66b30f71,2013,BOWL
66b30f71,2014,BOWL
66b30f71,2015,BOWL
66b30f71,2016,BOWL
66b30f71,2017,BOWL
66cf56a5,2009,BOWL
66cf56a5,2010,BOWL
66cf56a5,2011,BOWL
66cf56a5,2012,BOWL
66cf56a5,2013,BOWL
67af6f81,2011,BOWL
6821ac10,2011,BOWL
6834d1f2,2017,BOWL
6834d1f2,2018,BOWL
68c56d09,2021,BOWL
68c56d09,2025,BOWL
69762509,2010,BAT
69be866a,2009,BAT
69be866a,2015,BOWL
69be866a,2016,BOWL
69be866a,2017,BOWL
69be866a,2018,BAT
69d03465,2020,BAT
6a26221c,2021,BAT
6a26221c,2022,BAT
6a26221c,2023,BAT
6a26221c,2024,BAT
6a26221c,2025,BAT
6ab96cc2,2023,BAT
6ad3a659,2008,BOWL
6aed7e79,2013,BOWL
6aed7e79,2014,BOWL
6aed7e79,2015,BOWL
6aed7e79,2016,BOWL
6afb26d6,2010,BAT
6afb26d6,2011,BAT
6afb26d6,2012,BAT
6b19d823,2008,BOWL
6b19d823,2009,BOWL
6b19d823,2010,BOWL
6b19d823,2011,BOWL
6b19d823,2012,BOWL
6b19d823,2013,BOWL
6b19d823,2014,BOWL
6b19d823,2015,BOWL
6b19d823,2016,BOWL
6b19d823,2017,BOWL
6b19d823,2018,BOWL
6b19d823,2019,BOWL
6b19d823,2020,BOWL
6b19d823,2021,BOWL
6b19d823,2023,BOWL
6b19d823,2024,BOWL
6b2ff18f,2024,BAT
6b2ff18f,2025,BAT
6b71e6cf,2008,BAT
6b71e6cf,2009,WK
6b71e6cf,2010,WK
6b71e6cf,2011,WK
6b71e6cf,2012,BAT
6b71e6cf,2013,BAT
6b8eb6e5,2008,BOWL
6b8eb6e5,2009,BOWL
6b8eb6e5,2010,BOWL
6b8eb6e5,2011,BOWL
6b8eb6e5,2013,BOWL
6c19c6e5,2020,BAT
6c19c6e5,2021,BAT
6c19c6e5,2022,BAT
6c19c6e5,2023,BAT
6c19c6e5,2024,BAT
6c19c6e5,2025,BAT
6c6591ab,2008,BOWL
6c6591ab,2009,BOWL
6c6591ab,2010,BOWL
6c6591ab,2011,BOWL
6c6591ab,2012,BOWL
6c6591ab,2013,BOWL
6c6591ab,2014,BOWL
6c6591ab,2015,BOWL
6c882e9a,2022,BAT
6c882e9a,2023,BAT
6dbcf855,2014,BAT
6eb146d2,2012,BAT
6eb146d2,2013,WK
6eb146d2,2015,BOWL
6eb146d2,2016,BAT
6eb146d2,2017,BAT
6eb146d2,2019,BAT
6eb146d2,2020,BAT
6ec424a9,2010,BOWL
6ec424a9,2011,BOWL
6ef60d3a,2009,BOWL
6ef60d3a,2010,BOWL
6ef60d3a,2011,BOWL
6f49cc6e,2014,BOWL
6f49cc6e,2015,BOWL
7023d182,2009,BAT
7050a1e7,2008,BAT
7050a1e7,2012,BAT
7050a1e7,2013,BAT
709b0bac,2008,BAT
709b0bac,2009,BAT
709b0bac,2010,BAT
709b0bac,2011,BAT
709b0bac,2012,BAT
709b0bac,2013,BAT
709b0bac,2015,BAT
709b0bac,2016,BAT
709b0bac,2017,BAT
709b0bac,2020,BAT
709b0bac,2021,BAT
70d205c9,2010,WK
70d205c9,2011,WK
70d205c9,2012,BAT
70d205c9,2013,BAT
70d205c9,2014,BAT
70d205c9,2015,BAT
70d205c9,2016,BAT
70d205c9,2017,BAT
70d205c9,2018,BAT
70d205c9,2019,BAT
70d205c9,2020,BAT
70d205c9,2021,BAT
70d205c9,2022,BAT
70d205c9,2023,BAT
710dd98c,2009,BAT
7210d461,2022,BOWL
7210d461,2023,BOWL
7210d461,2024,BOWL
7210d461,2025,BOWL
725529bc,2008,AR
725529bc,2009,BAT
725529bc,2010,BAT
725529bc,2011,BAT
725529bc,2012,BAT
72861603,2008,BAT
72861603,2009,BAT
72861603,2010,BAT
72861603,2011,BAT
73ad96ed,2015,BAT
73ad96ed,2016,BAT
73ad96ed,2017,BAT
73ad96ed,2018,BAT
73ad96ed,2019,BAT
73ad96ed,2020,BAT
73ad96ed,2021,BOWL
73ad96ed,2022,BAT
73ad96ed,2023,BAT
73ad96ed,2024,BAT
73ad96ed,2025,BAT
73c18486,2023,BAT
740742ef,2008,BAT
740742ef,2009,AR
740742ef,2010,AR
740742ef,2011,BAT
740742ef,2012,BAT
740742ef,2013,BAT
740742ef,2014,BAT
740742ef,2015,BAT
740742ef,2016,BAT
740742ef,2017,BAT
740742ef,2018,BAT
740742ef,2019,BAT
740742ef,2020,BAT
740742ef,2021,BAT
740742ef,2022,BAT
740742ef,2023,BAT
740742ef,2024,BAT
740742ef,2025,BAT
75224f22,2019,BOWL
75224f22,2020,BAT
752f7486,2016,BAT
752f7486,2017,BAT
752f7486,2018,WK
752f7486,2019,BAT
752f7486,2020,BAT
752f7486,2021,BAT
752f7486,2022,BAT
752f7486,2023,WK
752f7486,2024,BAT
752f7486,2025,BAT
756389bd,2008,BAT
759ac88f,2013,BOWL
759ac88f,2014,BOWL
759ac88f,2015,BOWL
759ac88f,2016,BOWL
759ac88f,2017,BOWL
759ac88f,2018,BOWL
759ac88f,2019,BOWL
759ac88f,2020,BOWL
759ac88f,2023,BOWL
759ac88f,2024,BOWL
759ac88f,2025,BOWL
75de770f,2008,BAT
76388dc8,2013,BOWL
76388dc8,2014,BOWL
76388dc8,2017,BOWL
765a4731,2022,BOWL
765a4731,2024,BAT
765a4731,2025,BOWL
77255a9e,2017,BAT
77255a9e,2018,BAT
77255a9e,2019,BAT
77255a9e,2020,BAT
77255a9e,2021,BAT
77255a9e,2022,BAT
77255a9e,2023,BAT
77255a9e,2024,BAT
77255a9e,2025,BAT
77b1aa15,2022,BOWL
77b1aa15,2023,BOWL
77b1aa15,2024,BOWL
77b1aa15,2025,BOWL
78eb4223,2010,BOWL
798934ea,2010,BAT
798cc28e,2018,BOWL
798cc28e,2021,BOWL
798cc28e,2023,BOWL
7a8bd078,2014,BOWL
7a8bd078,2015,BOWL
7a8bd078,2016,BOWL
7a8bd078,2018,BOWL
7a8bd078,2019,BOWL
7a8bd078,2020,BOWL
7a8bd078,2021,BOWL
7a8bd078,2022,BOWL
7a8bd078,2024,BOWL
7bb62642,2010,BAT
7bf96684,2010,BAT
7bf96684,2011,BAT
7bf96684,2012,BAT
7bf96684,2013,BAT
7c390b03,2009,BAT
7c3b3b78,2022,BOWL
7c3b3b78,2023,BOWL
7c3b3b78,2024,BOWL
7c3b3b78,2025,BOWL
7c503806,2009,AR
7c503806,2011,AR
7c503806,2012,BOWL
7c503806,2013,BOWL
7c503806,2015,BOWL
7c7d63a2,2017,BOWL
7c7d63a2,2018,BOWL
7c7d63a2,2019,BOWL
7c7d63a2,2020,BOWL
7c7d63a2,2022,BOWL
7ca5e05d,2009,BAT
7ca5e05d,2010,AR
7ca5e05d,2015,AR
7d3720ba,2012,BOWL
7d3937ed,2008,BOWL
7d415ea5,2013,BAT
7d92277a,2018,BOWL
7d92277a,2019,BOWL
7d92277a,2020,BOWL
7d92277a,2021,BOWL
7d92277a,2025,BOWL
7daedf2f,2010,BAT
7daedf2f,2011,BAT
7daedf2f,2012,BAT
7daedf2f,2013,WK
7dc35884,2011,BOWL
7dc35884,2012,BOWL
7dc35884,2014,BOWL
7dc35884,2015,BOWL
7dc35884,2016,BOWL
7dc35884,2017,BOWL
7dc35884,2018,BOWL
7dc35884,2019,BOWL
7dc35884,2021,BOWL
7dcb9bc9,2021,BAT
7dcb9bc9,2022,BAT
7dcb9bc9,2023,BAT
7dcb9bc9,2024,BAT
7dcb9bc9,2025,BAT
7eae4418,2008,BAT
7f048519,2018,BOWL
7f048519,2022,BOWL
7f048519,2023,BOWL
800d2d97,2022,WK
800d2d97,2023,WK
800d2d97,2024,BAT
800d2d97,2025,WK
808f425a,2011,BOWL
808f425a,2012,BOWL
808f425a,2013,BOWL
808f425a,2014,BOWL
808f425a,2015,BOWL
808f425a,2016,BOWL
808f425a,2017,BOWL
80b2fb19,2025,BOWL
81049310,2015,BOWL
81049310,2016,BOWL
81049310,2017,BOWL
81049310,2019,BOWL
81049310,2020,BOWL
81049310,2021,BOWL
81049310,2023,BOWL
81c08fa3,2021,BOWL
81c08fa3,2022,BOWL
81c08fa3,2023,BOWL
81c08fa3,2024,BAT
81c36ee9,2021,BOWL
81c36ee9,2022,BOWL
81c36ee9,2023,BOWL
81c36ee9,2024,BOWL
81c36ee9,2025,BOWL
8291f939,2011,AR
8291f939,2012,BAT
8291f939,2013,BAT
8361e524,2023,BOWL
83c3e8e3,2024,BOWL
83c3e8e3,2025,BOWL
844e79d1,2022,BAT
844e79d1,2024,BAT
844e79d1,2025,BAT
84d9c311,2024,BAT
84d9c311,2025,BAT
855a210c,2010,WK
855a210c,2013,BAT
855a210c,2014,WK
855a210c,2015,BAT
855a210c,2016,BAT
855a210c,2017,BAT
855a210c,2018,BAT
85aae393,2008,BOWL
85aae393,2010,BOWL
85aae393,2011,BOWL
85aae393,2012,BOWL
85aae393,2013,BOWL
85aae393,2014,BOWL
85aae393,2015,BOWL
85aae393,2016,BOWL
85aae393,2017,BOWL
85b3fab2,2022,BAT
85b3fab2,2023,AR
85b3fab2,2024,BAT
85b3fab2,2025,WK
85e0cf10,2018,BOWL
85e0cf10,2019,BOWL
85e0cf10,2020,BOWL
85e0cf10,2021,BOWL
85e0cf10,2022,BOWL
85e0cf10,2025,BOWL
85ec8e33,2015,BAT
85ec8e33,2016,BAT
85ec8e33,2017,BAT
85ec8e33,2018,BAT
85ec8e33,2019,BAT
85ec8e33,2020,BAT
85ec8e33,2021,BAT
85ec8e33,2022,BAT
85ec8e33,2024,BAT
85ec8e33,2025,BAT
864c199e,2010,AR
86ae8ef2,2010,BOWL
86dc8f2e,2008,AR
86dc8f2e,2009,AR
86dc8f2e,2010,AR
86dc8f2e,2011,AR
86dc8f2e,2012,AR
86dc8f2e,2013,AR
86dc8f2e,2014,AR
871e9faf,2017,BOWL
871e9faf,2018,BOWL
871e9faf,2019,BOWL
871e9faf,2020,BOWL
871e9faf,2022,BOWL
872b03f7,2022,BAT
872b03f7,2023,BAT
872b03f7,2024,BAT
872b03f7,2025,BAT
87e562a9,2008,BOWL
87e562a9,2009,AR
87e562a9,2010,BOWL
87e562a9,2011,BOWL
87e562a9,2012,AR
87e562a9,2013,BOWL
87e562a9,2014,BAT
87e562a9,2015,BOWL
87e562a9,2016,BOWL
87e562a9,2018,BOWL
87e562a9,2019,BOWL
87e562a9,2020,BOWL
87e562a9,2021,BOWL
87e562a9,2022,BOWL
881a9bdd,2008,BAT
888e32bf,2008,BOWL
88fccd6c,2008,BOWL
890946a0,2009,WK
890946a0,2010,WK
890946a0,2011,BAT
890946a0,2012,WK
890946a0,2013,BAT
890946a0,2014,WK
890946a0,2015,WK
890946a0,2016,BAT
890946a0,2017,BAT
890946a0,2018,BAT
890de8cb,2008,BOWL
896d78ad,2009,BOWL
896d78ad,2010,BOWL
896d78ad,2012,BOWL
896d78ad,2013,AR
896d78ad,2015,BOWL
896d78ad,2017,BAT
8998a68f,2024,BAT
89f64c19,2014,BAT
89f64c19,2015,BAT
89f64c19,2016,BAT
89f64c19,2017,BAT
8a668774,2009,BOWL
8abdf100,2014,AR
8abdf100,2015,AR
8abdf100,2017,BOWL
8abdf100,2018,BOWL
8ac93ca2,2018,BAT
8ac93ca2,2019,BAT
8b3e9c7c,2018,BAT
8b3e9c7c,2019,BAT
8b3e9c7c,2020,BAT
8b3e9c7c,2021,BAT
8b3e9c7c,2022,BAT
8b3e9c7c,2023,BAT
8b3e9c7c,2024,BAT
8b5b6769,2009,BOWL
8b5b6769,2010,BOWL
8b5b6769,2011,BOWL
8b5b6769,2012,BOWL
8b5b6769,2013,BOWL
8b5b6769,2014,BOWL
8b5b6769,2015,BOWL
8b5b6769,2016,BOWL
8b5b6769,2017,BOWL
8b5b6769,2018,BOWL
8b5b6769,2019,BOWL
8b5b6769,2021,BOWL
8b9704ae,2010,BOWL
8b9704ae,2011,BOWL
8ba8195d,2008,BAT
8ba8195d,2009,BAT
8ba8195d,2010,BAT
8ba8195d,2011,BAT
8ba8195d,2012,BAT
8ba8195d,2013,BAT
8ba8195d,2014,BAT
8ba8195d,2015,BAT
8cf9814c,2013,BOWL
8cf9814c,2014,BOWL
8cf9814c,2016,BOWL
8cf9814c,2017,BOWL
8cf9814c,2018,BOWL
8cf9814c,2019,BOWL
8cf9814c,2020,BOWL
8cf9814c,2021,BOWL
8cf9814c,2022,BOWL
8cf9814c,2023,BOWL
8cf9814c,2025,BOWL
8d2c70ad,2016,BOWL
8d2c70ad,2017,BOWL
8d2c70ad,2018,BOWL
8d2c70ad,2019,BOWL
8d2c70ad,2020,BOWL
8d2c70ad,2022,BOWL
8d2c70ad,2023,BOWL
8d2c70ad,2024,BOWL
8d2c70ad,2025,BOWL
8d92a2c3,2018,BOWL
8d92a2c3,2023,BOWL
8db7f47f,2023,BOWL
8db7f47f,2024,BOWL
8db7f47f,2025,BOWL
8dc152d1,2023,BOWL
8e514b4c,2020,BAT
8e514b4c,2021,BAT
8e514b4c,2022,BAT
8e514b4c,2023,BAT
8e514b4c,2024,BAT
8e514b4c,2025,BAT
8f6dd463,2024,BOWL
8f6dd463,2025,BOWL
8fd1a8f5,2008,BOWL
8fd1a8f5,2009,BOWL
8fd1a8f5,2010,BOWL
8fd1a8f5,2011,BOWL
8fd1a8f5,2012,BOWL
8fd1a8f5,2013,BOWL
8fd1a8f5,2014,BOWL
8fd1a8f5,2015,BOWL
8fd1a8f5,2016,BOWL
8fd1a8f5,2019,BOWL
8fd1a8f5,2020,BOWL
9061a703,2023,BOWL
9061a703,2024,BOWL
90de905a,2018,BOWL
90de905a,2019,BOWL
90de905a,2020,BOWL
90de905a,2021,BAT
90de905a,2022,BOWL
90de905a,2023,BOWL
90de905a,2024,BAT
90edaaa9,2011,BAT
90edaaa9,2014,BAT
9170ff49,2013,BOWL
9170ff49,2014,BOWL
9170ff49,2015,BOWL
9170ff49,2016,BOWL
919a3be2,2016,BAT
919a3be2,2017,WK
919a3be2,2018,WK
919a3be2,2019,WK
919a3be2,2020,BAT
919a3be2,2021,WK
919a3be2,2022,WK
919a3be2,2024,WK
919a3be2,2025,WK
91a4a398,2008,BOWL
91a4a398,2009,BOWL
91a4a398,2010,BOWL
91a4a398,2011,BOWL
91a4a398,2012,BOWL
91a4a398,2013,BOWL
91a4a398,2014,BOWL
91a4a398,2015,BOWL
91a4a398,2016,BOWL
91a4a398,2017,BOWL
91b9300b,2013,BAT
91ffa6c6,2009,BOWL
91ffa6c6,2011,AR
91ffa6c6,2012,BAT
9219eff0,2014,BOWL
9219eff0,2020,BOWL
9219eff0,2021,BOWL
9219eff0,2022,AR
92aeac25,2018,BAT
9385de2e,2022,BAT
9385de2e,2023,BAT
9385de2e,2024,BAT
93a17209,2008,BOWL
93a17209,2009,BOWL
93a17209,2010,BOWL
93a17209,2012,BOWL
93b4fc78,2008,BAT
93b4fc78,2009,BAT
93b4fc78,2010,BAT
93b4fc78,2011,BAT
93b4fc78,2012,BAT
93b4fc78,2013,BAT
93b4fc78,2014,BAT
93b4fc78,2015,BAT
93b4fc78,2016,BAT
93b4fc78,2017,BAT
93b4fc78,2018,BAT
93b4fc78,2019,BAT
93b4fc78,2020,BAT
93b4fc78,2021,BAT
93b4fc78,2022,BAT
93b4fc78,2023,BAT
93b4fc78,2024,BAT
93b4fc78,2025,BAT
9418198b,2019,BAT
9418198b,2020,BAT
9418198b,2021,BAT
9418198b,2022,BAT
9418198b,2023,BAT
9418198b,2024,BAT
9418198b,2025,WK
94253925,2013,BAT
94253925,2015,BAT
94253925,2019,BAT
943fd425,2011,BAT
9440ef41,2023,BOWL
9440ef41,2024,BOWL
9440ef41,2025,BOWL
944533a5,2013,BAT
944533a5,2014,BAT
944533a5,2015,BAT
944533a5,2016,BAT
944533a5,2017,BAT
944533a5,2018,BAT
944533a5,2019,BAT
944533a5,2020,BAT
944533a5,2021,BAT
944533a5,2022,BAT
944533a5,2025,BAT
94d7f855,2017,BAT
94d7f855,2018,BOWL
94d7f855,2019,AR
94eac556,2012,BOWL
957532de,2011,BOWL
957532de,2012,BOWL
957532de,2015,BOWL
957532de,2016,BOWL
957532de,2017,BOWL
95a2ea61,2008,BAT
95a2ea61,2010,BAT
95a2ea61,2011,BAT
95a2ea61,2012,BAT
95a2ea61,2013,BAT
95a2ea61,2014,BAT
9601c534,2019,BAT
96fd40ae,2008,BOWL
96fd40ae,2009,BOWL
96fd40ae,2010,BOWL
96fd40ae,2012,BOWL
96fd40ae,2013,BOWL
96fd40ae,2014,BOWL
96fd40ae,2015,BOWL
96fd40ae,2016,BOWL
96fd40ae,2017,BOWL
970ddd24,2025,BAT
97290faf,2024,BOWL
983f2f61,2016,BOWL
983f2f61,2017,BOWL
983f2f61,2023,BAT
983f2f61,2024,BOWL
9868bc75,2013,BOWL
989889ff,2025,WK
98ae73b1,2008,BOWL
98ae73b1,2009,BOWL
98ae73b1,2010,BOWL
98ae73b1,2011,BOWL
98ae73b1,2012,BOWL
98ae73b1,2013,BOWL
98ae73b1,2014,BOWL
98ae73b1,2015,BOWL
98ae73b1,2016,BOWL
98ae73b1,2017,BOWL
98ae73b1,2018,BOWL
98ae73b1,2019,BOWL
98ae73b1,2020,BOWL
98ae73b1,2021,BOWL
98ae73b1,2023,BOWL
98ae73b1,2024,BOWL
99258814,2023,BOWL
9.95E+265,2022,BAT
99b202b3,2012,BOWL
99b202b3,2013,BOWL
99b75528,2016,BAT
99b75528,2017,BAT
99b75528,2018,WK
99b75528,2019,BAT
99b75528,2020,BAT
99b75528,2021,BAT
99b75528,2022,BAT
99b75528,2023,BAT
99b75528,2024,BAT
99b75528,2025,WK
99d63244,2010,BAT
99d63244,2011,BAT
99d63244,2013,WK
99d63244,2014,BAT
99d63244,2015,WK
99d63244,2016,BAT
99d63244,2017,WK
99d63244,2018,BAT
99d63244,2019,BAT
99d63244,2020,BAT
99d63244,2021,BAT
99d63244,2023,BAT
99ed60f8,2018,BOWL
9a0146b3,2016,BOWL
9a158001,2012,AR
9a158001,2013,BOWL
9a158001,2015,BOWL
9a46c4e5,2021,BAT
9a46c4e5,2023,BAT
9a5f2863,2023,BOWL
9a963804,2018,BOWL
9ab63e7b,2008,BAT
9b4935c8,2011,BAT
9b4935c8,2012,BAT
9b6e1b3f,2024,BAT
9b6e1b3f,2025,BAT
9caf69a1,2024,AR
9caf69a1,2025,AR
9d430b40,2012,BOWL
9d430b40,2013,BOWL
9d430b40,2014,BOWL
9d430b40,2015,BOWL
9d430b40,2016,BOWL
9d430b40,2017,BOWL
9d430b40,2018,BOWL
9d430b40,2019,BOWL
9d430b40,2020,BOWL
9d430b40,2021,BOWL
9d430b40,2022,BOWL
9d430b40,2023,BOWL
9d430b40,2024,AR
9d430b40,2025,AR
9d704f6f,2024,BOWL
9d80c5e1,2011,BOWL
9d80c5e1,2012,BOWL
9d80c5e1,2013,BOWL
9d80c5e1,2014,BOWL
9d80c5e1,2015,BOWL
9d80c5e1,2016,BOWL
9d80c5e1,2017,BOWL
9d80c5e1,2018,BOWL
9d80c5e1,2019,BOWL
9d80c5e1,2020,BOWL
9d80c5e1,2021,BOWL
9e7225b0,2024,BAT
9eb1455b,2021,BOWL
9eb1455b,2022,BOWL
9eb1455b,2023,BOWL
9eb1455b,2024,BOWL
9eb1455b,2025,BOWL
9f77963a,2024,BAT
9f961c14,2008,BOWL
9f961c14,2009,BAT
9f961c14,2010,BOWL
9f961c14,2011,BOWL
9fc0ef64,2008,BOWL
9fc0ef64,2009,BOWL
9fc0ef64,2010,BOWL
9fc0ef64,2012,BOWL
9fc0ef64,2013,BOWL
9fc0ef64,2016,BOWL
9fc0ef64,2017,BOWL
9fc0ef64,2018,BOWL
9fc0ef64,2022,BOWL
9ff100a6,2010,BAT
a03bba42,2016,BOWL
a03bba42,2021,BOWL
a12e1d51,2009,BOWL
a12e1d51,2010,BOWL
a12e1d51,2011,BOWL
a12e1d51,2012,BOWL
a12e1d51,2013,BOWL
a12e1d51,2014,BOWL
a12e1d51,2015,BOWL
a12e1d51,2017,BOWL
a12e1d51,2019,BOWL
a1d053dd,2020,BOWL
a1d95bd8,2024,BOWL
a1f1829d,2008,BAT
a1f1829d,2009,AR
a1f1829d,2010,BAT
a24be938,2021,BAT
a24be938,2022,BAT
a24be938,2023,BAT
a24be938,2024,BAT
a24be938,2025,BAT
a2870fb7,2008,BAT
a2870fb7,2009,BAT
a2f46292,2018,BOWL
a2f46292,2019,BOWL
a2f46292,2020,BOWL
a2f46292,2021,BOWL
a2f46292,2022,BOWL
a2f46292,2023,BOWL
a2f46292,2024,BOWL
a2f46292,2025,BOWL
a316d663,2019,BOWL
a343262c,2023,BAT
a386e91b,2010,AR
a3b0600d,2025,BAT
a3ecf01f,2010,BAT
a457cfb5,2023,BOWL
a457cfb5,2024,BOWL
a45a5e8d,2008,BAT
a45a5e8d,2009,AR
a45a5e8d,2010,BAT
a45a5e8d,2011,BAT
a45a5e8d,2012,BAT
a45a5e8d,2013,BAT
a45a5e8d,2014,BAT
a4cc73aa,2013,BAT
a4cc73aa,2014,WK
a4cc73aa,2015,BAT
a4cc73aa,2016,WK
a4cc73aa,2017,BAT
a4cc73aa,2018,BAT
a4cc73aa,2019,WK
a4cc73aa,2020,WK
a4cc73aa,2021,WK
a4cc73aa,2022,WK
a4cc73aa,2023,WK
a4cc73aa,2024,WK
a4cc73aa,2025,WK
a4e37e47,2019,BAT
a4e37e47,2020,BAT
a4e37e47,2021,BAT
a4e37e47,2022,BAT
a4e37e47,2023,BAT
a4e37e47,2024,BAT
a4e37e47,2025,BAT
a757b0d8,2010,BOWL
a757b0d8,2011,BOWL
a757b0d8,2012,BOWL
a757b0d8,2013,AR
a757b0d8,2014,AR
a757b0d8,2015,BAT
a757b0d8,2016,BAT
a757b0d8,2017,BAT
a757b0d8,2018,BAT
a757b0d8,2019,BAT
a757b0d8,2020,BAT
a757b0d8,2021,BAT
a757b0d8,2022,AR
a76d10ba,2008,BAT
a76d10ba,2009,BAT
a7c226e1,2009,BOWL
a818c1be,2015,BOWL
a818c1be,2016,BOWL
a818c1be,2017,BOWL
a818c1be,2018,BOWL
a818c1be,2019,BOWL
a818c1be,2020,BOWL
a818c1be,2021,BOWL
a818c1be,2022,BOWL
a818c1be,2023,BOWL
a818c1be,2024,BOWL
a818c1be,2025,BOWL
a84468fe,2011,WK
a84468fe,2012,BAT
a90e53ec,2023,BAT
a97c8ec2,2021,BOWL
a97c8ec2,2022,BOWL
a97c8ec2,2023,BOWL
a97c8ec2,2025,BOWL
a9da7784,2016,BOWL
a9fd84fb,2018,BOWL
a9fd84fb,2019,BOWL
a9fd84fb,2021,BOWL
a9fd84fb,2022,BOWL
a9fd84fb,2023,BOWL
a9fd84fb,2024,BOWL
aa5d8c9e,2022,BAT
aa8d28ae,2015,BOWL
aa8d28ae,2016,BOWL
aa8d28ae,2023,BAT
aaa1b522,2009,AR
aaa1b522,2010,BAT
aaa1b522,2011,BAT
aaa1b522,2012,BAT
aaa1b522,2013,BAT
aad0c365,2023,BOWL
aad0c365,2024,AR
aad0c365,2025,BAT
ab89348d,2008,BOWL
ab89348d,2009,BOWL
ab89348d,2010,BOWL
abb83e27,2019,WK
abb83e27,2020,WK
abb83e27,2021,WK
abb83e27,2022,BAT
abb83e27,2024,BAT
abb83e27,2025,BAT
abfeb126,2008,BOWL
abfeb126,2009,BOWL
abfeb126,2010,BOWL
abfeb126,2011,BOWL
abfeb126,2012,BOWL
abfeb126,2013,BOWL
abfeb126,2014,BOWL
ac5ae4af,2020,BOWL
acc1aeda,2017,BAT
acc1aeda,2022,WK
acd4f5dc,2008,BOWL
acdc62f5,2020,BOWL
acdc62f5,2021,BOWL
acdc62f5,2022,BOWL
acdc62f5,2023,BOWL
acdc62f5,2024,BOWL
acdc62f5,2025,BOWL
acee4cc4,2014,BOWL
acee4cc4,2015,BOWL
acee4cc4,2016,BOWL
acee4cc4,2017,BOWL
acee4cc4,2018,BOWL
acee4cc4,2019,BOWL
acee4cc4,2020,BOWL
acee4cc4,2021,BOWL
ad3b6e95,2023,BAT
ad3b6e95,2024,BAT
ad3b6e95,2025,BAT
ad427b5c,2020,BAT
ad427b5c,2021,BOWL
ad427b5c,2022,AR
ad427b5c,2023,BOWL
ad427b5c,2024,BAT
ad9c32a2,2021,BAT
ada15e88,2016,BAT
addbde6c,2012,WK
addfb70e,2010,BOWL
addfb70e,2011,BOWL
addfb70e,2012,BOWL
addfb70e,2013,BOWL
ade90de7,2019,BOWL
ae091d39,2008,BAT
ae091d39,2009,BAT
ae091d39,2010,BAT
ae091d39,2011,BAT
ae78bc32,2008,BOWL
ae78bc32,2009,BOWL
ae78bc32,2010,BOWL
ae78bc32,2011,BOWL
ae78bc32,2012,BOWL
ae78bc32,2013,BOWL
ae78bc32,2017,BOWL
aedc3b7c,2016,BAT
aedc3b7c,2019,BAT
aedc3b7c,2020,BAT
af2c687b,2016,BAT
af2c687b,2018,BAT
af2c687b,2019,BAT
af7dadf7,2008,BOWL
af7dadf7,2009,BOWL
af7dadf7,2010,BAT
af7dadf7,2011,BOWL
afa7e784,2011,BAT
afa7e784,2022,WK
afa7e784,2024,BAT
afe3355a,2017,BAT
b0482a1d,2022,BAT
b0482a1d,2023,BAT
b0482a1d,2024,BAT
b0482a1d,2025,BAT
b0946605,2019,BOWL
b0946605,2022,BOWL
b0946605,2023,BOWL
b0946605,2024,BOWL
b0c772ee,2011,BAT
b0f2baf4,2023,BAT
b0f2baf4,2024,BAT
b1451597,2008,BAT
b1451597,2009,BAT
b1451597,2010,BOWL
b1451597,2011,BAT
b1451597,2012,BAT
b1451597,2013,BAT
b1451597,2014,BOWL
b17e2f24,2013,BAT
b17e2f24,2014,BAT
b17e2f24,2015,BAT
b17e2f24,2016,WK
b17e2f24,2018,WK
b17e2f24,2019,BAT
b17e2f24,2020,BAT
b17e2f24,2021,BAT
b17e2f24,2022,BAT
b17e2f24,2023,BAT
b17e2f24,2024,WK
b17e2f24,2025,BAT
b1ad996b,2024,BOWL
b1ad996b,2025,BOWL
b2570b38,2011,BAT
b2570b38,2013,BAT
b274dbbd,2016,BAT
b2a79f17,2013,BOWL
b2a79f17,2018,BOWL
b2ae53f5,2009,BOWL
b2ae53f5,2010,BOWL
b2b23612,2015,BOWL
b2b4f545,2025,BAT
b2b50355,2008,BOWL
b2b50355,2009,BOWL
b2b50355,2010,BOWL
b2b50355,2011,BOWL
b2b50355,2012,BOWL
b2b50355,2013,BOWL
b2b50355,2014,BOWL
b410bd3d,2018,BOWL
b410bd3d,2019,BOWL
b4296080,2019,BAT
b483905d,2021,BOWL
b483905d,2023,BOWL
b483905d,2025,BOWL
b4b99816,2018,BAT
b4b99816,2019,BAT
b4b99816,2020,BAT
b4b99816,2021,BAT
b4b99816,2022,BAT
b4b99816,2023,BAT
b4b99816,2024,BAT
b4b99816,2025,BAT
b4f5c2d9,2020,BOWL
b4f5c2d9,2021,BAT
b4f5c2d9,2022,BAT
b51f72a5,2017,BOWL
b52ffbbd,2021,BOWL
b52ffbbd,2022,BOWL
b552a935,2011,BOWL
b552a935,2012,BOWL
b56dc5f7,2014,BOWL
b56dc5f7,2015,BOWL
b5797845,2025,BAT
b57f8a9a,2008,BAT
b57f8a9a,2009,AR
b57f8a9a,2010,AR
b57f8a9a,2011,BAT
b57f8a9a,2012,BAT
b57f8a9a,2013,BAT
b57f8a9a,2014,BAT
b5da6c24,2008,BAT
b5da6c24,2009,BAT
b5da6c24,2010,WK
b5da6c24,2011,WK
b5da6c24,2012,WK
b5da6c24,2013,WK
b5da6c24,2014,WK
b5da6c24,2015,WK
b5da6c24,2016,WK
b5da6c24,2017,WK
b5da6c24,2018,BAT
b5da6c24,2019,WK
b61a3e1a,2009,BAT
b61a3e1a,2010,BAT
b61a3e1a,2011,BAT
b61a3e1a,2012,BAT
b61a3e1a,2013,BAT
b61a3e1a,2014,BAT
b63ab531,2008,BAT
b63ab531,2009,BAT
b63ab531,2011,BAT
b63ab531,2012,BAT
b63ab531,2013,BAT
b63e358a,2018,BAT
b63e358a,2019,BAT
b63e358a,2024,BAT
b681e71e,2012,BAT
b681e71e,2013,BAT
b681e71e,2014,BAT
b681e71e,2015,BAT
b681e71e,2016,BAT
b681e71e,2017,AR
b681e71e,2018,AR
b681e71e,2020,BOWL
b681e71e,2021,AR
b681e71e,2022,AR
b681e71e,2023,BAT
b681e71e,2024,BAT
b681e71e,2025,BOWL
b720a5d6,2008,BAT
b720a5d6,2009,BAT
b720a5d6,2011,BAT
b720a5d6,2012,BAT
b720a5d6,2013,BAT
b822e99c,2017,BOWL
b8527c3d,2019,BOWL
b8527c3d,2022,BOWL
b8527c3d,2024,BOWL
b8527c3d,2025,BOWL
b8a55852,2009,BAT
b8a55852,2010,BAT
b8a55852,2011,BAT
b8a55852,2012,WK
b8a55852,2013,BAT
b8a55852,2014,BAT
b8a55852,2015,BAT
b8a55852,2016,BAT
b8a55852,2017,BAT
b8a55852,2018,BAT
b8d490fd,2010,AR
b8d490fd,2011,BAT
b8d490fd,2012,BAT
b8d490fd,2013,BAT
b8d490fd,2014,BAT
b8d490fd,2015,BAT
b8d490fd,2016,BAT
b8d490fd,2017,BAT
b8d490fd,2018,BAT
b8d490fd,2020,BAT
b8d490fd,2022,BAT
b970a03f,2011,BAT
b9be6507,2008,BAT
ba5e1069,2024,BAT
ba5e1069,2025,BAT
ba607b88,2008,BAT
ba607b88,2009,BAT
ba607b88,2010,BAT
ba607b88,2011,AR
ba607b88,2012,BAT
ba607b88,2013,BAT
ba607b88,2014,BAT
ba607b88,2015,BAT
ba607b88,2016,BAT
ba607b88,2017,BAT
ba607b88,2018,BAT
ba607b88,2019,BAT
ba607b88,2020,BAT
ba607b88,2021,BAT
ba607b88,2022,BAT
ba607b88,2023,BAT
ba607b88,2024,BAT
ba607b88,2025,BAT
ba6b2f91,2022,BAT
ba6b2f91,2025,BAT
bae11797,2011,BAT
bafd0398,2025,BAT
bb18be76,2008,BOWL
bb18be76,2009,BOWL
bb18be76,2010,BOWL
bb18be76,2011,BOWL
bb345e0b,2008,BAT
bb345e0b,2009,BAT
bb345e0b,2010,BAT
bb345e0b,2011,BAT
bb345e0b,2012,BAT
bb345e0b,2013,BAT
bb345e0b,2014,BAT
bb345e0b,2015,BAT
bb345e0b,2016,BAT
bb345e0b,2017,BAT
bb345e0b,2018,BAT
bb351c23,2018,BOWL
bb351c23,2019,AR
bb351c23,2020,BOWL
bb351c23,2021,AR
bb351c23,2022,AR
bb351c23,2023,BOWL
bb351c23,2024,AR
bb351c23,2025,BOWL
bb965e9a,2020,BAT
bb965e9a,2021,BAT
bb965e9a,2022,BAT
bb965e9a,2023,BAT
bbd41817,2012,BOWL
bbd41817,2013,BOWL
bbd41817,2014,BOWL
bbd41817,2015,AR
bbd41817,2016,BOWL
bbd41817,2018,BOWL
bbd41817,2019,AR
bbd41817,2020,BOWL
bbd41817,2021,BOWL
bbd41817,2022,BOWL
bbd41817,2023,AR
bbd41817,2024,BOWL
bbd41817,2025,BOWL
bcce309e,2008,BOWL
bcce309e,2009,BOWL
bcce309e,2010,BOWL
bcf325d2,2023,BAT
bcf325d2,2024,BAT
bcf325d2,2025,BAT
bd17b45f,2010,BAT
bd17b45f,2011,BAT
bd17b45f,2012,BAT
bd17b45f,2013,AR
bd17b45f,2014,BAT
bd17b45f,2015,BOWL
bd17b45f,2016,BOWL
bd17b45f,2017,BAT
bd17b45f,2018,BAT
bd17b45f,2019,BAT
bd54eef5,2020,BAT
bd54eef5,2022,BAT
bd54eef5,2023,BAT
bd77eb62,2009,AR
bd77eb62,2010,AR
bd77eb62,2011,BAT
bdadf7da,2019,BAT
be24ead0,2022,BAT
be24ead0,2023,BAT
be24ead0,2024,BAT
be24ead0,2025,BAT
be869ccf,2021,BOWL
bff458c6,2009,BAT
bff458c6,2010,BAT
c03c6200,2013,BOWL
c03c6200,2014,BOWL
c03c6200,2015,BAT
c03e2850,2013,BAT
c03e2850,2014,BAT
c03e2850,2015,BAT
c03e2850,2016,BAT
c03e2850,2017,BAT
c03e2850,2018,BAT
c03e2850,2021,BAT
c03e2850,2022,BAT
c03e2850,2023,BAT
c03f1114,2008,WK
c03f1114,2009,WK
c03f1114,2010,WK
c03f1114,2011,BAT
c03f1114,2012,WK
c03f1114,2013,WK
c03f1114,2014,WK
c03f1114,2015,WK
c03f1114,2016,WK
c03f1114,2017,BAT
c03f1114,2018,WK
c03f1114,2019,BAT
c03f1114,2020,BAT
c03f1114,2021,WK
c03f1114,2022,WK
c03f1114,2023,WK
c03f1114,2024,WK
c05edf8e,2019,BOWL
c05edf8e,2020,BOWL
c05edf8e,2021,BOWL
c05edf8e,2022,BOWL
c05edf8e,2023,BOWL
c05edf8e,2024,BOWL
c05edf8e,2025,BOWL
c0c411cb,2023,BOWL
c0c411cb,2024,BOWL
c15e2193,2010,BAT
c15e2193,2011,BAT
c16d4035,2016,BAT
c16d4035,2017,BAT
c16d4035,2018,BAT
c16d4035,2019,BAT
c16d4035,2022,WK
c18496e1,2010,BOWL
c18496e1,2011,BOWL
c18496e1,2012,BAT
c18496e1,2013,BOWL
c18496e1,2015,BOWL
c18496e1,2016,BOWL
c18496e1,2017,BOWL
c24a2c5d,2009,BOWL
c24a2c5d,2010,BOWL
c27b5a0e,2025,BOWL
c28e9f12,2017,BOWL
c2dd89ea,2024,BAT
c33d8116,2022,BOWL
c33d8116,2023,BOWL
c33d8116,2024,BOWL
c38d3503,2018,BOWL
c38d3503,2020,BOWL
c38d3503,2021,BOWL
c38d3503,2022,BOWL
c38d3503,2023,BAT
c3a96caf,2010,BAT
c3a96caf,2011,BAT
c3a96caf,2012,BAT
c3a96caf,2013,BAT
c3a96caf,2014,BAT
c3a96caf,2015,BAT
c3a96caf,2016,BAT
c3a96caf,2017,BAT
c3a96caf,2018,BAT
c3a96caf,2019,BAT
c3a96caf,2020,BAT
c3a96caf,2021,BAT
c3a96caf,2022,BAT
c3a96caf,2023,BAT
c3c92b42,2023,BOWL
c3d1402f,2008,BOWL
c3d1402f,2009,BOWL
c3d1402f,2010,BOWL
c3d1402f,2011,BOWL
c3d1402f,2012,BOWL
c3d1402f,2013,BOWL
c3d1402f,2016,BOWL
c3d35165,2008,BOWL
c3d35165,2009,BOWL
c3d35165,2010,BOWL
c3d35165,2011,BOWL
c3d35165,2012,BOWL
c3d35165,2013,BOWL
c3d35165,2014,BOWL
c3d35165,2015,AR
c3d35165,2016,BOWL
c404f58a,2009,BOWL
c404f58a,2010,BOWL
c404f58a,2011,BOWL
c404f58a,2013,BOWL
c42aaf71,2009,BAT
c42aaf71,2010,BAT
c42aaf71,2011,BAT
c42aaf71,2012,BAT
c42aaf71,2013,BAT
c42aaf71,2014,BAT
c4487b84,2008,BAT
c4487b84,2009,BAT
c4487b84,2010,BAT
c4487b84,2011,WK
c4487b84,2012,WK
c4487b84,2013,BAT
c4487b84,2014,BAT
c4487b84,2015,BAT
c4487b84,2016,BAT
c4487b84,2017,BAT
c4487b84,2018,BAT
c4487b84,2019,BAT
c4487b84,2020,WK
c4487b84,2021,BAT
c5aef772,2022,BOWL
c5aef772,2023,BAT
c5aef772,2024,BOWL
c5aef772,2025,BOWL
c6097d68,2019,BOWL
c64c2443,2011,BOWL
c64c2443,2012,BOWL
c64c2443,2013,BOWL
c654af19,2010,BOWL
c654af19,2011,BOWL
c654af19,2013,BOWL
c695b423,2022,BOWL
c69a7b5c,2009,BAT
c69a7b5c,2010,BAT
c69a7b5c,2011,BAT
c740ea83,2021,BAT
c740ea83,2022,BAT
c740ea83,2024,BAT
c740ea83,2025,BAT
c7a995d3,2022,BOWL
c7a995d3,2024,BOWL
c7a995d3,2025,BOWL
c8179c68,2009,BOWL
c8179c68,2010,BOWL
c8179c68,2011,BOWL
c8179c68,2012,BOWL
c8179c68,2014,BOWL
c8179c68,2016,BOWL
c8179c68,2017,BOWL
c8f5f961,2021,BAT
c8f5f961,2022,BAT
c8f5f961,2023,BAT
c8f5f961,2024,BAT
c96f6ac5,2025,AR
c995d726,2011,BAT
c995d726,2019,BAT
c9cac448,2012,BAT
c9d33ef5,2008,BAT
caa89a48,2009,BOWL
cad00a4d,2014,BAT
cad00a4d,2015,BAT
cad00a4d,2023,BAT
cad00a4d,2024,BAT
caf69bf7,2020,BOWL
caf69bf7,2021,BOWL
caf69bf7,2022,BOWL
caf69bf7,2023,BAT
cb9b8664,2025,BOWL
cbf58a86,2023,BAT
cbf58a86,2025,BAT
cc1e8c68,2010,BOWL
cc1e8c68,2011,BOWL
cc1e8c68,2012,BOWL
cc1e8c68,2013,BOWL
cc1e8c68,2014,BOWL
cc1e8c68,2015,BOWL
cc1e8c68,2016,BOWL
cc1e8c68,2017,BOWL
cc1e8c68,2018,BOWL
cc1e8c68,2019,BOWL
cc1e8c68,2020,BOWL
cc1e8c68,2022,BOWL
cc1e8c68,2023,BOWL
cc1e8c68,2024,BOWL
cc777ffa,2023,BAT
cca50cd6,2012,BOWL
cca50cd6,2013,AR
cd8d2859,2022,BOWL
cd8d2859,2023,BOWL
cd8d2859,2024,BOWL
cdc6bdba,2019,BOWL
cdc6bdba,2020,BOWL
cdc6bdba,2021,BOWL
cdc6bdba,2024,BOWL
ce4cc4d5,2011,BOWL
ce794613,2017,BOWL
ce794613,2020,BOWL
ce794613,2021,BOWL
ce794613,2022,BOWL
ce794613,2023,BOWL
ce794613,2024,BOWL
ce794613,2025,BAT
ce820073,2013,BOWL
ce820073,2014,BOWL
ce820073,2015,BOWL
ce820073,2016,BOWL
ce820073,2017,BOWL
ce820073,2018,BOWL
ce820073,2019,BOWL
ce820073,2020,BOWL
ce820073,2021,BOWL
ce820073,2022,BOWL
ce820073,2023,BOWL
ce820073,2024,BOWL
ce820073,2025,BOWL
cedc1d9a,2013,BOWL
cedc1d9a,2014,BOWL
cedc1d9a,2015,BOWL
cf0ccafa,2024,BOWL
cf0ccafa,2025,BOWL
cf59b3f0,2025,BAT
cf73ad76,2011,BAT
cf73ad76,2012,AR
cfa4bd2b,2019,BOWL
cfad138c,2008,BAT
d014d5ac,2019,BAT
d014d5ac,2022,BAT
d014d5ac,2025,BAT
d027ba9f,2015,BAT
d027ba9f,2016,BAT
d027ba9f,2017,BAT
d027ba9f,2018,BAT
d027ba9f,2019,BAT
d027ba9f,2020,BAT
d027ba9f,2021,BAT
d027ba9f,2022,BAT
d027ba9f,2023,BAT
d027ba9f,2024,BAT
d0513f63,2008,BAT
d0513f63,2010,BAT
d0513f63,2011,BAT
d0513f63,2012,BAT
d0513f63,2013,BAT
d167edd3,2016,BOWL
d18f9182,2008,BAT
d18f9182,2009,BAT
d18f9182,2010,BAT
d18f9182,2011,BAT
d18f9182,2012,BAT
d18f9182,2013,BAT
d1a60072,2023,BAT
d1a60072,2024,BAT
d1a60072,2025,BAT
d1c36f5c,2017,BAT
d1c36f5c,2018,BAT
d1c36f5c,2021,BAT
d1c36f5c,2023,BAT
d1c94b25,2009,BOWL
d1c94b25,2010,BOWL
d1c94b25,2011,BOWL
d2340a43,2011,BOWL
d2340a43,2012,BOWL
d2340a43,2013,BOWL
d2a6c0e6,2010,BAT
d2a6c0e6,2011,BAT
d2a6c0e6,2013,BAT
d2a6c0e6,2015,BAT
d2a6c0e6,2016,BAT
d2a6c0e6,2017,BAT
d2a6c0e6,2020,BAT
d2a6c0e6,2021,BAT
d2a989fc,2008,BOWL
d2a989fc,2009,BOWL
d2a989fc,2010,BOWL
d2a989fc,2011,BOWL
d2a989fc,2012,BOWL
d2a989fc,2013,BOWL
d2a989fc,2014,BOWL
d2a989fc,2015,BOWL
d2a989fc,2016,BOWL
d2a989fc,2017,BOWL
d2a989fc,2018,BOWL
d2a989fc,2019,BOWL
d2a989fc,2020,BOWL
d2a989fc,2021,BOWL
d2c2b2d5,2008,BAT
d2c2b2d5,2009,BAT
d2c2b2d5,2010,BAT
d2c2b2d5,2011,BAT
d2c2b2d5,2012,BAT
d2c2b2d5,2013,BAT
d2d4bb0a,2011,BAT
d3611425,2021,BOWL
d3a3e82d,2010,BAT
d45c29b1,2025,BOWL
d4d929b0,2024,BOWL
d4eef961,2012,BOWL
d4eef961,2014,BOWL
d4eef961,2015,BOWL
d4f9dbd4,2010,BAT
d4f9dbd4,2011,BAT
d4f9dbd4,2012,BAT
d4f9dbd4,2013,BAT
d4f9dbd4,2014,BAT
d5130a30,2022,BAT
d5130a30,2023,BAT
d5130a30,2024,BAT
d5130a30,2025,BAT
d621b427,2025,BOWL
d67d5f00,2012,BAT
d67d5f00,2013,BAT
d67d5f00,2014,BAT
d67d5f00,2015,BAT
d67d5f00,2016,BAT
d67d5f00,2017,BAT
d67d5f00,2018,BAT
d67d5f00,2019,BAT
d67d5f00,2020,BAT
d67d5f00,2021,BAT
d67d5f00,2022,BAT
d67d5f00,2023,BAT
d67d5f00,2024,BAT
d67d5f00,2025,BAT
d68e7f48,2013,BOWL
d68e7f48,2014,BOWL
d7017798,2024,BAT
d7017798,2025,BAT
d718440b,2012,BOWL
d7a57f75,2009,BOWL
d7b3a420,2009,BAT
d7b3a420,2010,BOWL
d7c6af50,2009,BOWL
d7c6af50,2010,BOWL
d7c6af50,2011,BOWL
d7c6af50,2012,BOWL
d84378a4,2008,BAT
d84378a4,2010,BAT
d84378a4,2011,BAT
d84378a4,2012,BAT
d8699ab7,2009,BAT
d8699ab7,2010,BAT
d872f52a,2009,BAT
d8b2f218,2015,BOWL
d8b2f218,2016,BOWL
d8b2f218,2017,BOWL
d8b2f218,2018,BOWL
d8b2f218,2019,BOWL
d9273ee7,2016,AR
d9273ee7,2017,BOWL
d9273ee7,2018,AR
d9273ee7,2019,AR
d9273ee7,2020,AR
d9273ee7,2021,BAT
d9273ee7,2022,BAT
d9273ee7,2023,BAT
d9273ee7,2024,AR
d9273ee7,2025,BAT
d92e42f5,2009,BOWL
d92e42f5,2010,BOWL
d92e42f5,2012,BOWL
da934ee8,2018,AR
da934ee8,2019,BAT
da934ee8,2020,BAT
da934ee8,2021,AR
da934ee8,2022,BAT
da934ee8,2023,BAT
da934ee8,2024,BAT
da934ee8,2025,BAT
db31895a,2013,BOWL
db31895a,2016,BOWL
db31895a,2017,BOWL
db31895a,2018,BOWL
db31895a,2019,BOWL
db31895a,2020,BOWL
db584dad,2009,AR
db584dad,2010,AR
db584dad,2011,AR
db584dad,2012,BAT
db584dad,2013,BAT
db584dad,2014,BAT
db584dad,2015,BAT
db584dad,2016,AR
db584dad,2017,BAT
db584dad,2018,BAT
db584dad,2019,BAT
db584dad,2020,BAT
db584dad,2021,BAT
dbc50253,2010,BOWL
dbe50b21,2015,BOWL
dbe50b21,2016,BOWL
dbe50b21,2017,BAT
dbe50b21,2018,BOWL
dbe50b21,2019,BOWL
dbe50b21,2020,BAT
dbe50b21,2021,BAT
dbe50b21,2022,AR
dbe50b21,2023,AR
dbe50b21,2024,BOWL
dbe50b21,2025,BOWL
dc4686e6,2011,BOWL
dc4686e6,2012,BOWL
dc4686e6,2013,BOWL
dc9dd038,2013,BAT
dc9dd038,2016,BAT
dc9dd038,2017,BAT
dc9dd038,2021,BAT
dc9dd038,2025,BAT
dcce6f09,2009,BAT
dcce6f09,2010,BAT
dcce6f09,2011,BAT
dcce6f09,2012,BAT
dcce6f09,2013,BAT
dcce6f09,2014,BAT
dcce6f09,2015,BAT
dcce6f09,2016,BAT
dcce6f09,2017,BAT
dcce6f09,2019,BAT
dcce6f09,2020,BAT
dcce6f09,2021,BAT
dcce6f09,2022,BAT
dcce6f09,2023,BAT
dcce6f09,2024,BAT
dce2019b,2016,BAT
dcf81436,2013,BOWL
dcf81436,2014,BOWL
dcf81436,2017,BOWL
dcf81436,2018,BOWL
dcf81436,2019,BOWL
dcf81436,2020,BOWL
dcf81436,2021,BOWL
dcf81436,2022,BOWL
dd09ff8e,2009,BOWL
dd09ff8e,2010,BOWL
dd09ff8e,2011,BOWL
dd09ff8e,2012,BOWL
dd09ff8e,2013,BOWL
dd7e9b3b,2023,BAT
ddb00822,2011,BAT
ddc0828d,2009,AR
dddca1d6,2010,BAT
dddca1d6,2011,BOWL
dded65e7,2011,BAT
dded65e7,2012,BAT
dded65e7,2017,BAT
de4b0555,2012,BOWL
de4b0555,2013,BOWL
de4b0555,2014,BOWL
de8cce37,2008,BAT
de8cce37,2009,BAT
de8cce37,2010,BAT
de8cce37,2011,BAT
de8d3876,2008,BAT
de8d3876,2009,WK
de8d3876,2013,WK
dec8e038,2010,BOWL
dec8e038,2012,BOWL
dec8e038,2015,BOWL
ded9240e,2014,BOWL
ded9240e,2015,BOWL
ded9240e,2017,BOWL
ded9240e,2020,BOWL
ded9240e,2021,BOWL
ded9240e,2022,BOWL
ded9240e,2024,BOWL
ded9240e,2025,BOWL
df064e1a,2020,BOWL
df064e1a,2021,BOWL
df064e1a,2022,BOWL
df064e1a,2023,BOWL
df064e1a,2024,BOWL
df064e1a,2025,BOWL
df5a6881,2022,BAT
df5a6881,2023,BAT
df5a6881,2025,BAT
dfc4d8b5,2013,BOWL
dfc4d8b5,2014,BOWL
dfc4d8b5,2016,BOWL
dfc4d8b5,2021,BOWL
e0351c86,2008,BOWL
e03b66ec,2008,BOWL
e0407c01,2013,BOWL
e0407c01,2014,BOWL
e0407c01,2015,BOWL
e087956b,2017,AR
e087956b,2018,AR
e087956b,2019,BOWL
e087956b,2020,AR
e087956b,2021,BAT
e087956b,2023,BAT
e186f49c,2009,BOWL
e1d1b294,2008,BAT
e1d1b294,2009,BAT
e1d1b294,2010,BAT
e1d1b294,2012,BAT
e1d9ae9c,2024,BAT
e249fdaa,2008,BAT
e249fdaa,2009,BAT
e2db2409,2016,BOWL
e2db2409,2018,BOWL
e2db2409,2019,BOWL
e2db2409,2020,BOWL
e2db2409,2021,BOWL
e2db2409,2022,BOWL
e2db2409,2023,BOWL
e32d22f6,2008,BOWL
e32d22f6,2009,BOWL
e32d22f6,2010,BOWL
e32d22f6,2011,BOWL
e32d22f6,2012,BOWL
e342e5fb,2016,BOWL
e342e5fb,2017,BOWL
e342e5fb,2018,BOWL
e342e5fb,2019,BAT
e3851766,2025,BAT
e38bce7a,2023,BOWL
e412cb64,2019,BOWL
e4a0deae,2019,BOWL
e4a0deae,2020,BOWL
e4a0deae,2021,BAT
e4a0deae,2022,BOWL
e4a0deae,2023,BOWL
e4a0deae,2024,BOWL
e4a0deae,2025,BOWL
e4cdf230,2019,BOWL
e4cdf230,2020,BAT
e4cdf230,2021,BAT
e4cdf230,2022,BOWL
e4cdf230,2023,BAT
e4cdf230,2024,BOWL
e4cdf230,2025,BOWL
e62dd25d,2017,BOWL
e62dd25d,2019,BOWL
e62dd25d,2020,BOWL
e62dd25d,2021,BOWL
e62dd25d,2022,BOWL
e62dd25d,2023,BOWL
e62dd25d,2024,BOWL
e62dd25d,2025,BOWL
e66732f8,2025,WK
e798611a,2016,BAT
e798611a,2017,BAT
e84ac20c,2017,BOWL
e84ac20c,2024,BOWL
e86754b2,2018,BOWL
e86754b2,2020,BOWL
e86754b2,2021,BOWL
e938e1bc,2008,BOWL
e938e1bc,2009,BOWL
e938e1bc,2010,BOWL
e938e1bc,2011,BOWL
e938e1bc,2012,BOWL
e938e1bc,2013,BOWL
e938e1bc,2014,BOWL
e938e1bc,2015,BOWL
e938e1bc,2016,BOWL
e938e1bc,2017,BOWL
e94915e6,2019,BOWL
e94915e6,2020,BOWL
e94915e6,2021,BOWL
e94915e6,2023,BOWL
e94915e6,2024,AR
e94915e6,2025,AR
e96801ea,2025,BAT
e9c7f0d0,2022,BOWL
e9c7f0d0,2023,BOWL
e9c7f0d0,2025,BOWL
ea0cdc12,2008,BOWL
ea0cdc12,2009,BOWL
ea0cdc12,2010,BOWL
ea0cdc12,2013,BOWL
eaa76d3c,2023,AR
eaa76d3c,2024,AR
eade4650,2022,AR
eade4650,2024,BAT
ebcfef83,2025,BAT
ed5a5510,2020,BOWL
ed5a5510,2023,BOWL
ed5a5510,2025,BAT
edb3d4f8,2015,BOWL
edb3d4f8,2016,BOWL
edb3d4f8,2017,BOWL
edb3d4f8,2019,BOWL
ee1b6c27,2024,BOWL
ee1b6c27,2025,BOWL
ee3dfa89,2012,BOWL
ee7d0c82,2008,BOWL
eea6b7f1,2008,BAT
eef2536f,2017,BOWL
eef2536f,2018,BOWL
eef2536f,2019,BOWL
eef2536f,2020,BOWL
eef2536f,2021,BOWL
eef2536f,2022,BOWL
eef2536f,2023,BOWL
eef2536f,2024,BOWL
eef2536f,2025,BOWL
ef5da05c,2010,BOWL
ef5da05c,2011,BOWL
ef5da05c,2012,BOWL
ef5da05c,2013,BOWL
efc04be7,2023,BOWL
efc04be7,2024,BOWL
efc04be7,2025,BOWL
f088b960,2015,BAT
f088b960,2016,BAT
f088b960,2018,BAT
f088b960,2019,BAT
f088b960,2020,BAT
f088b960,2021,BAT
f088b960,2022,BAT
f088b960,2023,BAT
f0af99a7,2023,BAT
f0af99a7,2024,BAT
f0af99a7,2025,BAT
f0f628c7,2008,BOWL
f0f628c7,2009,BOWL
f0f628c7,2010,BOWL
f0f628c7,2011,BOWL
f0f628c7,2012,BOWL
f0f628c7,2013,BOWL
f0f628c7,2017,BOWL
f10e94c4,2016,BAT
f10e94c4,2017,BAT
f10e94c4,2018,BAT
f10e94c4,2019,BAT
f1809c03,2024,BAT
f18ba07f,2017,BOWL
f19ccfad,2017,BOWL
f19ccfad,2018,BOWL
f19ccfad,2019,BOWL
f19ccfad,2020,BOWL
f19ccfad,2021,BOWL
f19ccfad,2022,BOWL
f19ccfad,2023,BOWL
f19ccfad,2024,BOWL
f19ccfad,2025,AR
f1f99156,2021,BAT
f1f99156,2022,BAT
f1f99156,2023,BAT
f1f99156,2024,BAT
f1f99156,2025,BAT
f21043a5,2013,BAT
f233bbb4,2008,AR
f233bbb4,2009,AR
f233bbb4,2010,BOWL
f24c6701,2022,BOWL
f24c6701,2023,BOWL
f24c6701,2024,BOWL
f24c6701,2025,BOWL
f24ca2ba,2009,BOWL
f29185a1,2018,BAT
f29185a1,2019,BAT
f29185a1,2020,BAT
f29185a1,2021,BAT
f29185a1,2022,BAT
f29185a1,2023,AR
f29185a1,2024,BAT
f29185a1,2025,BAT
f2c936d7,2025,BAT
f3171936,2012,BOWL
f3171936,2014,BOWL
f3cb53a1,2008,BAT
f3cb53a1,2009,BAT
f3cb53a1,2010,WK
f3cb53a1,2011,BAT
f48cf4da,2008,BAT
f4cb4f53,2012,BAT
f4f0fafd,2010,BAT
f5180fe6,2013,BOWL
f5180fe6,2014,BOWL
f5180fe6,2015,BOWL
f5180fe6,2016,BOWL
f5180fe6,2017,BOWL
f5180fe6,2018,BOWL
f5f18a18,2011,BOWL
f62772e5,2012,BOWL
f62772e5,2013,BOWL
f62772e5,2014,BOWL
f62772e5,2015,BOWL
f62772e5,2016,BAT
f62772e5,2017,BOWL
f62772e5,2018,BOWL
f62772e5,2019,BOWL
f62772e5,2020,BAT
f663ef00,2008,BAT
f6d8a7ab,2022,BOWL
f6d8a7ab,2023,BOWL
f6d8a7ab,2025,BOWL
f708a0bc,2012,BOWL
f708a0bc,2013,BOWL
f708a0bc,2015,BOWL
f708a0bc,2016,BOWL
f752db61,2020,BOWL
f834dcfc,2018,BOWL
f834dcfc,2020,BOWL
f834dcfc,2021,BOWL
f834dcfc,2025,BOWL
f836b33d,2024,BAT
f842c2cf,2012,AR
f846de6a,2012,AR
f846de6a,2013,BOWL
f846de6a,2017,BAT
f89d3b11,2024,BAT
f89d3b11,2025,BAT
f986ca1a,2012,BOWL
f986ca1a,2014,BOWL
f986ca1a,2015,BOWL
f986ca1a,2016,BOWL
f986ca1a,2017,BOWL
f986ca1a,2018,BOWL
f986ca1a,2019,BOWL
f986ca1a,2020,BOWL
f986ca1a,2021,BOWL
f986ca1a,2022,BOWL
f986ca1a,2023,BOWL
f986ca1a,2024,BOWL
f986ca1a,2025,BOWL
f9e6e7ef,2020,BOWL
f9e6e7ef,2021,BOWL
f9e6e7ef,2022,BOWL
f9e6e7ef,2023,BAT
f9e6e7ef,2024,AR
f9e6e7ef,2025,BOWL
fa2f1dde,2018,BOWL
fa2f1dde,2019,BOWL
fa2f1dde,2023,BOWL
fa2f1dde,2025,BOWL
fa463154,2008,BOWL
fa463154,2009,BOWL
fa463154,2010,BOWL
fa463154,2011,BOWL
fa463154,2012,BOWL
fa463154,2013,BOWL
faa7365d,2018,BAT
faa7365d,2019,BAT
facb9086,2008,BOWL
facb9086,2009,BAT
facb9086,2011,BAT
facb9086,2012,BAT
fb24e76c,2020,BOWL
fb2d1dda,2016,BAT
fb2d1dda,2017,BAT
fb2d1dda,2018,BAT
fb2d1dda,2019,BAT
fb2d1dda,2020,BAT
fb2d1dda,2021,BAT
fb2d1dda,2022,BAT
fb2d1dda,2023,BAT
fb2d1dda,2024,BAT
fb2d1dda,2025,BAT
fb5f69e4,2025,BAT
fb66ce1f,2013,BOWL
fb66ce1f,2015,BOWL
fb66ce1f,2016,BOWL
fb66ce1f,2017,BOWL
fb66ce1f,2018,BOWL
fb66ce1f,2019,BOWL
fb66ce1f,2020,BOWL
fb66ce1f,2021,BOWL
fb693839,2010,BOWL
fb693839,2011,BOWL
fb693839,2013,BOWL
fb693839,2016,BOWL
fcc21ace,2024,BOWL
fcc21ace,2025,BOWL
fd835ab3,2008,BAT
fd835ab3,2009,AR
fd835ab3,2010,AR
fd835ab3,2011,BAT
fd835ab3,2012,BAT
fd835ab3,2013,BAT
fd835ab3,2014,BAT
fdcb08c2,2010,BOWL
fdedb37c,2009,BAT
fdf7491e,2021,BOWL
fe11caa6,2008,WK
fe11caa6,2009,BAT
fe11caa6,2010,WK
fe11caa6,2011,BAT
fe11caa6,2012,BAT
fe11caa6,2013,BAT
fe11caa6,2014,WK
fe11caa6,2015,WK
fe11caa6,2016,WK
fe11caa6,2017,WK
fe11caa6,2018,WK
fe11caa6,2019,WK
fe11caa6,2020,WK
fe11caa6,2021,BAT
fe11caa6,2022,WK
fe11caa6,2023,WK
fe11caa6,2024,WK
fe763256,2008,AR
fe763256,2009,BAT
fe763256,2010,BAT
fe763256,2011,BAT
fe763256,2012,BAT
fe763256,2013,BAT
fe763256,2014,BAT
fe93fd9d,2008,BAT
fe93fd9d,2009,AR
fe93fd9d,2011,AR
fe93fd9d,2012,BOWL
fe93fd9d,2013,BOWL
fe93fd9d,2014,BOWL
fe93fd9d,2015,BOWL
fe93fd9d,2016,BOWL
fe93fd9d,2017,BOWL
fe93fd9d,2018,BOWL
fe93fd9d,2019,BOWL
fe93fd9d,2020,BOWL
fe93fd9d,2021,BOWL
fe93fd9d,2022,BOWL
fe93fd9d,2023,BOWL
fe93fd9d,2024,BOWL
fe93fd9d,2025,AR
fef92afc,2019,BOWL
ff077124,2008,WK
ff1e12a0,2019,BAT
ff1e12a0,2024,BAT
ff1e68fa,2022,BAT
ffe699c0,2016,BOWL
ffe699c0,2017,BAT
ffe699c0,2018,BOWL
ffe699c0,2020,BOWL
ffe699c0,2021,BOWL
ffe699c0,2022,BOWL
ffe699c0,2023,BOWL
fffa744b,2024,BAT
fffa744b,2025,BAT
